SubjectID,Firm_Open_01,Firm_Open_02,Firm_Open_03,Firm_Open_04,Firm_Open_05,Firm_Open_06,Firm_Open_07,Firm_Open_08,Firm_Open_09,Firm_Open_10,Firm_Open_11,Firm_Open_12,Firm_Open_13,Firm_Closed_01,Firm_Closed_02,Firm_Closed_03,Firm_Closed_04,Firm_Closed_05,Firm_Closed_06,Firm_Closed_07,Firm_Closed_08,Firm_Closed_09,Firm_Closed_10,Firm_Closed_11,Firm_Closed_12,Firm_Closed_13,Foam_Open_01,Foam_Open_02,Foam_Open_03,Foam_Open_04,Foam_Open_05,Foam_Open_06,Foam_Open_07,Foam_Open_08,Foam_Open_09,Foam_Open_10,Foam_Open_11,Foam_Open_12,Foam_Open_13,Foam_Closed_01,Foam_Closed_02,Foam_Closed_03,Foam_Closed_04,Foam_Closed_05,Foam_Closed_06,Foam_Closed_07,Foam_Closed_08,Foam_Closed_09,Foam_Closed_10,Foam_Closed_11,Foam_Closed_12,Foam_Closed_13
1,0.09416724998787791,0.14236038691220382,0.08727528041930029,0.08117564807933648,0.0916860092926594,0.08386502071310802,0.09778454044975819,0.1121320806492232,0.08822921896104348,0.04882487663052329,0.07249968790496593,0.42774546266644076,0.20434789126128342,0.09117768167713436,0.06842217265226909,0.0900031617852675,0.08956457541955991,0.06952945799480022,0.10275678976033138,0.07711810125618057,0.12088780774114578,0.08240682962609262,0.06676934567593594,0.14136407641128268,0.4021332182861948,0.18485969881561168,0.05303585457212556,0.07677436826832172,0.11886238519271008,0.08028013909872782,0.0709708728147422,0.11537308646666206,0.08832000210976637,0.07326323362948652,0.08302374622338439,0.12878859334691914,0.11130771827715412,2.4546754205271277,0.4748988215110854,0.07070033369473826,0.11914634730666236,0.0953838384073767,0.11013726234704424,0.09941690360258015,0.08484571742954712,0.06938430989896284,0.06665574260962026,0.08780626587797764,0.09026900851835279,0.10625427030713762,4.364265513531545,0.5799237414054087
2,0.07590671845138147,0.05378124246442598,0.10801038880761867,0.12122596780357793,0.06339028633762292,0.10472510683044528,0.13721750164942584,0.11331739640250221,0.07387946247879952,0.08409128776107376,0.06445464101312634,0.4672525112594506,0.09490005890284854,0.11820984679007,0.11388392953937267,0.10855196716964566,0.09023962738150482,0.11199625558030424,0.04580253874021962,0.08828656021985544,0.07415041230835469,0.0752009323783783,0.10902631588307791,0.06465161400921672,0.5039153808622974,0.15168537173216046,0.062310018195396465,0.06885396360823091,0.08036560320602178,0.08977665881316482,0.1284206853395162,0.10560978805780817,0.09820791533993073,0.0994303270877876,0.0957100481307127,0.09626705935716097,0.0750479328642697,4.308302003054158,0.4299532249873122,0.09494853718843084,0.12485857152667672,0.06409745257115453,0.10823462948558682,0.0622938774634062,0.05673661074164222,0.06325543127854956,0.12036092591029805,0.08470215578401663,0.1260248128847469,0.09448699516549157,4.6175794197449855,0.5104255637258904
3,0.1026129219664419,0.08122059890207352,0.09013009913228931,0.06345548902299981,0.08516391219529403,0.0745342739442136,0.11061517241330794,0.0726665778355775,0.10787080110776265,0.07461601172311726,0.13711414175692258,0.8630103570563031,0.23816890196688426,0.07851094477462583,0.11326585627862447,0.07290582508590594,0.10282260377334858,0.10536579259425456,0.08356926027339064,0.09748341213617333,0.08423603839625393,0.056053863554012345,0.11282106792666381,0.09296533520674655,1.0327331310601047,0.25980637194395867,0.08889682661776817,0.06297283881227188,0.07474849932575467,0.08055626372064527,0.06346575825216942,0.1254307640948818,0.10043768360049453,0.07567957992646253,0.11791094043424566,0.10376246267108379,0.10613838254422224,4.406919478701403,0.6789099460259752,0.09968366944809752,0.10645740161027677,0.10735973247699636,0.09037746854104116,0.09416061349328664,0.06984902377212697,0.0885053657978105,0.08169804529541537,0.08607108391515533,0.07163689879207578,0.10420069685771764,11.29830671934905,0.9637580562616092
4,0.08197301330204916,0.0893229706529684,0.09061116662536044,0.07009634338370975,0.0874556242445335,0.07232083262756438,0.11440822931576934,0.07450510274848542,0.12677319487848815,0.1059307141891188,0.08660280803195274,1.3902102302058506,0.24783475751246986,0.08729141798318261,0.08367158176474605,0.07587119041750671,0.11295531941850201,0.10502609654319535,0.10109865904632642,0.08321162667475053,0.08001346673920659,0.09239232969651305,0.0585755505243305,0.11989276119174026,1.206351703099034,0.2631410793928404,0.07854471157227592,0.08962673228634777,0.0942529208026326,0.10656842196787746,0.0987106381591323,0.04419144208503226,0.10317944209683243,0.11707486773908347,0.1190800166762797,0.07443404372926397,0.07433676288524212,38.95656034481704,0.7809535395915868,0.09410595086729297,0.1032034394014782,0.07442232199752381,0.12584660169249515,0.06457682021806631,0.10408301947173919,0.07390909721683686,0.0830779786068115,0.09138820485228845,0.10956649850947549,0.07582006716599221,13.310353189021605,0.8973570303755167
5,0.10443269945750704,0.099891181947802,0.0728599377340161,0.09021641086288316,0.09295863192047348,0.10496513894727137,0.08375650906497871,0.1040364505497412,0.06898527877605952,0.07231511393371377,0.10558264680555372,2.5391526815260943,0.2084303538937867,0.13365718259234063,0.0540896793270438,0.07689157279464337,0.122122527497017,0.09738361547763934,0.10921364747387106,0.04585732120634605,0.102908687055626,0.05501568660696721,0.08920449854592001,0.11365558142258551,1.900002263677196,0.232480878245964,0.09635605274127156,0.09304276979598532,0.10531163658694376,0.09582861655909664,0.08685238194801322,0.08666172687929657,0.07210373095404446,0.07729183330643524,0.11950603797479531,0.0796944175471406,0.08735079570697729,5.591243641559127,0.40443557279644277,0.06856418123499212,0.07627148327839302,0.12910977319892583,0.05667198514246349,0.09852257636020205,0.08227865631660482,0.0957435616165287,0.09506476791838758,0.12418139134042734,0.10254172113268262,0.07104990246039251,42.3665433761276,0.5477158128863938
6,0.08360955716148721,0.11022906159414565,0.07289033169380406,0.10649311406324391,0.07228589889569594,0.0880758356859375,0.09216629134503103,0.08104687584076792,0.07392820190836008,0.12777662081476557,0.09149821099676113,60.81338632781806,0.18088703364551798,0.1458286241715999,0.09943383347597139,0.0962329141730001,0.09239133105056459,0.09433543277662987,0.07715223166936568,0.06526795271616959,0.08862182961549613,0.0665454509212116,0.08066189587875512,0.09352850355123606,4.906429483766083,0.2240286921009201,0.1053429165959926,0.0887534373078489,0.08932487374664248,0.09091544164584708,0.0459014928242684,0.058902991569594755,0.08660353028714916,0.10305398521378595,0.11315490784734476,0.1215669348162473,0.09647948814527862,62.725231147894505,0.6632003218484532,0.09176864852751483,0.11268365449945901,0.13634563715872197,0.08219023176262742,0.08840839978891113,0.1005612675140814,0.045210773706026386,0.10296085417030043,0.07341343784656854,0.10733968052676814,0.05911741449902067,109.85007784311239,0.759389265264991
7,0.10504432513544674,0.1542195872066722,0.06445494635712536,0.028574642067284665,0.16058628182003673,0.07895737590987757,0.05708951133716777,0.10524592852155516,0.0730735104440834,0.11509259833344414,0.05766129286730634,56.864322840428486,0.18085031779022245,0.08909586698195675,0.0834344929539178,0.06201745084867388,0.10476040229657135,0.07542275408773969,0.09316469365093577,0.10377646319483631,0.10787815373697186,0.1198667593496674,0.06818714033472324,0.09239582256400584,6.963398054657158,0.2048113638647221,0.07200147639692607,0.11183738039939776,0.10816178491808441,0.09778668308743314,0.07000023257623227,0.11062099960104693,0.07946849776488434,0.06995590254512173,0.0882449044213285,0.07873561574521068,0.11318652254433426,47.087135570606335,0.751802558063293,0.10994538305499091,0.04576687839397648,0.11847662497152726,0.059284574624930336,0.08764187787308982,0.08817488950392009,0.13170685419207365,0.10226762076750495,0.08191619278393404,0.08585061525688921,0.08896848857716326,92.61429409307864,0.9186187805090681
8,0.08535631606386618,0.07541989813917443,0.10559143425910199,0.12821451613417403,0.060263566062519924,0.07387054607478843,0.051858836645656985,0.14780523871813736,0.10000536496982056,0.09398885934510874,0.07762542358765144,8.010483257083516,0.21027606335552576,0.10234947593588985,0.10761376997722517,0.14008897920919525,0.07704015674946157,0.09047310969482347,0.06185587766497791,0.06611351009790767,0.09610401044362415,0.07313785930742045,0.10105093932115329,0.08417231159832118,5.018933777494486,0.26241729819536946,0.09040225191347678,0.08024577229956514,0.0738016997815318,0.06884804321542119,0.07586808236585903,0.08774125767671759,0.1423368320628743,0.08695696003132976,0.1311249183081618,0.10143816612707857,0.061236016217984,67.32758517065596,0.4842613182201914,0.07004114294397451,0.1538993655416149,0.11378220391987375,0.0954644271721004,0.07896220089772554,0.06379100684370649,0.06068076019592897,0.07568914310409307,0.10102070942793755,0.09138007328957559,0.09528896666346927,12.306171034215978,0.5821258169412277
9,0.0824260893660232,0.05295469487105825,0.09232594650741076,0.10547547873363693,0.1116100470159458,0.07436078776316375,0.10380157165187893,0.10851089395277957,0.0757325135001914,0.12612868401380095,0.06667329262411048,64.9025447892405,0.1513936321434627,0.04974982929629568,0.12192284738093224,0.08829580650529112,0.08024784962570235,0.10528273508682778,0.10236988397420414,0.10689764216380748,0.05777273846612687,0.08781668487021305,0.12289784652060408,0.07674613610999508,2.341710942913861,0.1543570272750107,0.07731425444597662,0.08999181670758427,0.05807737340143921,0.10873414699631773,0.06435397652265658,0.0902732775914795,0.10557182500746365,0.06872940212164648,0.10452843056172519,0.0928398841321902,0.13958561251152055,13.776793706764614,0.3631676976688141,0.1420183116445578,0.06819835184605107,0.11329859539454429,0.04203151254804007,0.05244065007114057,0.09572339253228541,0.09742567943133439,0.09728402710510002,0.07530882363687087,0.09995973043171606,0.11631092535835948,39.55453656307365,0.4486960326453109
10,0.08420497166924294,0.06622445915215287,0.11893184958558485,0.08518101882448237,0.12060166630655185,0.07433432701007958,0.06639016544655858,0.09627264193234857,0.11720571837769767,0.0970078627379762,0.07364531895732451,5.82714825071691,0.10257919078546758,0.09486743528048787,0.11247417970549821,0.08409395991357488,0.10601592932342767,0.07390238763148065,0.08670395790437159,0.07110164864982534,0.08679516164058364,0.07642335645734577,0.08462804946427538,0.1229939340291291,1.4296871161650444,0.08547629205194647,0.06664653560017898,0.12445317735893902,0.08866678663678274,0.09074411228014356,0.08400079755869366,0.0742866101642302,0.11645198100088809,0.10187732754406242,0.05104698715183773,0.10342963176190573,0.09839605294233789,122.77926577766452,0.3266358789983468,0.11390741285661721,0.1163959710821041,0.09016657195255988,0.0900062904086672,0.08388731729403222,0.08637086820090824,0.07086303729678636,0.06082102783961162,0.08866744779630265,0.09379438107535938,0.10511967419705102,104.24273218106214,0.5066184254996848
11,0.09778732112964135,0.08585657540861735,0.09812692698351598,0.0816618085420654,0.0845910788655647,0.07956628943324331,0.0597179617928136,0.1097010944131538,0.08108800352737484,0.09646146799903234,0.12544147190497726,33.92825897710101,0.26858426848473693,0.09564849200561774,0.11877161125938356,0.10604891215370367,0.13115647576857428,0.0411154734632457,0.09085221198442456,0.08448431402426985,0.06743217325273557,0.09520138693315522,0.0814835929164712,0.08780535623841873,6.277850855082537,0.25592232714811686,0.08136324423509711,0.11852076266920375,0.05921270174180626,0.07030117424711196,0.09758480495348949,0.07661735233595597,0.10935694720583489,0.16755927466175388,0.07515716049901032,0.08717250140475886,0.05715407604597746,89.52571485800486,0.5731157883469652,0.0821487065898641,0.09466515677949837,0.10151117642530742,0.08623271747126383,0.08227685920541347,0.11415250896888962,0.10849891639274678,0.08994134433305086,0.0889063718504733,0.06793697831444313,0.0837292636690491,127.53288017497637,0.8150406523588171
12,0.1280745531254849,0.11752917203849207,0.08514681088342409,0.055800747200722846,0.07605835146049482,0.09709890961176472,0.12609807015216684,0.06630025520731163,0.0841395121808088,0.0789760970878948,0.08477752105143442,74.71890106095252,0.1958045846277201,0.0746315340884206,0.10226708820852971,0.08047846876888169,0.1004020980601273,0.07374186886828002,0.13364540628614752,0.08941715174970379,0.09999621406764818,0.07077485381563922,0.10428059292459872,0.0703647231620232,38.144910449422845,0.28709001391013084,0.10204153106734076,0.07224519900306593,0.07876606878746457,0.10554033864872225,0.13857754965948255,0.07828253114208533,0.08146609539208964,0.07732223562505404,0.08090904411973113,0.10319071006628566,0.08165869648867816,31.262985533134252,0.6281094654176548,0.096018141846114,0.07447841009812105,0.09472130149121398,0.09372059300163581,0.09179361197440443,0.1173027265127789,0.07601282467507463,0.1296964908450544,0.0819750400979542,0.04718566370728533,0.09709519575036335,153.24902047839456,1.1224580828062087
13,0.07382771478458541,0.09880874546701603,0.07162160645642475,0.11595347401279654,0.08453061015395384,0.1397359357197859,0.07509479341662668,0.09722776071043183,0.09989561464064102,0.08425797420975639,0.05904577042798156,78.32276262631144,0.5681003578300495,0.11037010787004603,0.11720736175972939,0.0755367160487851,0.06274139820770085,0.09406641847515908,0.08604939338588852,0.06792465192140644,0.12364678661260027,0.09906387075536562,0.08155160761429818,0.08184168734902048,71.28309302140997,0.7678749423003794,0.08903971983448372,0.0778512296074715,0.14578328674388505,0.07997378833719171,0.046610522731027414,0.05886743629349011,0.12264777169117617,0.08578370369328003,0.11959075940803661,0.07336103290512698,0.10049074875483077,173.59740060397908,1.5277890510985703,0.11180845562482399,0.0843117266242533,0.07483406085142981,0.0889851151889473,0.1075923966291255,0.09346376015561901,0.10249692618147127,0.08303443095170505,0.09195873886000532,0.05552542860488172,0.10598896032773779,168.24402090663224,2.0061233316565654
14,0.07498342259209753,0.07342314799856775,0.1024220581988133,0.13057959785571074,0.03797767968115289,0.08843754697735595,0.08145344528975167,0.11162602903850187,0.11900707970475011,0.0736583372414731,0.10643165542182502,124.56644491940774,0.6962464384957107,0.10385817875157334,0.08917205052124706,0.08759238909998439,0.0772575734068933,0.07220496963278687,0.1609528713892268,0.05026781285291653,0.09957065526966502,0.08937995458896637,0.08543826661648618,0.08430527787025403,158.79243197403196,0.9287297569153129,0.09106361402643125,0.08125836295034367,0.058336606616593394,0.09499926281236563,0.13324984994513095,0.11440995563905254,0.047877326196318536,0.11149444017609127,0.06078882999628967,0.1087300350662679,0.09779171657511516,110.30715787429881,1.0914568588693818,0.09789759880749942,0.08753905417234638,0.0910060429865233,0.09300324931321273,0.07151695188479247,0.08149701499460081,0.10339704649187204,0.08242404543343422,0.10676328641889977,0.10825921562320313,0.07669649387361571,152.60723145270455,1.78884590894155
15,0.13642254913889854,0.09166483263661378,0.07494242604242153,0.09471928305289938,0.1053535995953107,0.09005710503183927,0.08885670693049004,0.09773225999628525,0.0612209014177831,0.07642080071991812,0.08260953543754042,4.7411919889423935,0.2820290481906355,0.07338359573285082,0.12611584048460164,0.09910539331831554,0.10731004848355423,0.07230594718095958,0.0860577636435853,0.09635532962580486,0.09374455014251609,0.10421213135400369,0.07463677332011455,0.06677262671369368,4.193944821664637,0.3318208464183307,0.1019317441839495,0.13763998359247218,0.0926543193597219,0.05898416353530627,0.04259063516594211,0.13047500154817324,0.07651422858898961,0.09249775613493515,0.05848516417688821,0.1225823088520126,0.08564469486160926,146.03770651654008,0.5332534900319309,0.09215786580630987,0.07993383742410069,0.0833877521103506,0.09095408468941775,0.07935866495585951,0.09763789240208003,0.06935458185903627,0.061983687900860375,0.07111856404915129,0.13485028772407126,0.13926278107876228,118.28914143571689,0.8398555943400359
16,0.05294177613257908,0.11563366092001313,0.07314173047611712,0.058946445318551095,0.09751644812629777,0.08501100332152835,0.11417709147738775,0.1267260359407926,0.0701252206669209,0.08971123322496859,0.11606935439484362,47.054253926545044,0.33264776123636747,0.09159073529343016,0.11578121680473023,0.13673932978622746,0.1298086110948894,0.0725550904714899,0.09701985027548428,0.051258150535055814,0.05259623420080933,0.05917575697131578,0.09256714034781345,0.10090788421875423,100.88423014266955,0.31665936985387294,0.06789374169801371,0.08189940627577334,0.11719052742797482,0.06880575074570855,0.11933027586256478,0.06674651175253825,0.10463490143856792,0.07408364474151494,0.12223508354558295,0.08758573892724691,0.08959441758451381,45.74779579539098,0.61217498155674,0.11284306886876654,0.10004356635445726,0.06136741511287893,0.12206766872686571,0.07029494005319319,0.06282032591344515,0.07324290828216219,0.07181776473001518,0.06796105273206053,0.10845510278819737,0.14908618643795782,134.88666726353964,0.672766059042857
17,0.07476981403614859,0.10311639299484733,0.1067256523340846,0.06879438755541208,0.08965084305719186,0.10209895570135581,0.12323820092896964,0.07338231139306617,0.06912231993556693,0.09616662403902208,0.09293449802433489,4.129946633080393,0.2354063294050918,0.13106452046637504,0.08532084053409439,0.13256901135217022,0.050194407070902426,0.0956900743730933,0.09800386086760182,0.08271987242955597,0.08848932401588128,0.07432268553209732,0.09209231440016774,0.06953308895806048,16.27819098530652,0.21967844115710142,0.09724864812976435,0.09249856041295751,0.0607002222279761,0.11643622021137118,0.10831178394142345,0.10948567292083324,0.06515691811254186,0.09065171790157212,0.0854468214360445,0.07708296583565587,0.0969804688698599,104.61623707340664,0.4664809931233547,0.10678083370558573,0.07013044071410922,0.12399516745351725,0.05406170789774808,0.08866318453056869,0.08525014811441138,0.10963109158865958,0.0953420404097255,0.06251701415753104,0.1209695533360942,0.0826588180920494,152.44538996697906,0.599110994742314
18,0.06230911961117807,0.11909077314814764,0.08049807612523245,0.082462406071339,0.0888071329302002,0.052787044749869866,0.09756045921341311,0.09263986560734665,0.12024720948391299,0.09650211049451125,0.10709580256484874,99.22449548616369,0.20962257328986003,0.10427227006912794,0.10759562208182111,0.10857194928964946,0.06426353073658292,0.05983104132604552,0.09062499922495591,0.0921270313333602,0.07119406926746603,0.10244004617244039,0.0823137036540759,0.1167657368444746,23.26364100014179,0.2275854531550091,0.08118584328743707,0.07367730002813976,0.10633839664913924,0.08726532295337701,0.06624964895925718,0.09572177842971592,0.09584617048150973,0.09043798473026414,0.07729046703032261,0.11062023628082181,0.11536685117001556,8.131605243733171,0.4651880128527838,0.07636832321277924,0.07302598207234186,0.12319726317311429,0.054646144594111275,0.10803092600972301,0.12768059714938262,0.10700037079578117,0.10864460093317262,0.03970381902377845,0.09288019525632081,0.08882177777949461,53.26566008638898,0.67259764569891
19,0.1051532953334422,0.10297626837332619,0.06539300728961216,0.111679584847907,0.09559233918320657,0.05046432783157826,0.07835864877799863,0.09891547785116295,0.05326046023782976,0.12829227488108266,0.10991431539285358,1.5616354207865557,0.09780542347673064,0.10029371281818612,0.10809510526833273,0.08574763664798468,0.12082793019083142,0.0643001354303972,0.055033312033896796,0.06020138977313919,0.07804395588184042,0.12290129576302593,0.1257052069730601,0.07885031921930534,2.585336162845465,0.10783279784182916,0.07100778269959414,0.1435270526277968,0.09902918850640659,0.1106681900089132,0.0859620978720325,0.07388519979380521,0.02799934245533316,0.07460741283278394,0.07651843965212103,0.12212709371533244,0.11466819983588104,8.147651672332143,0.5533600371723839,0.08230808656473491,0.09169071555508608,0.10196310706220359,0.10361646088045968,0.10146609771385917,0.054818896957706885,0.09123198217325816,0.10121826296497068,0.09914036149599448,0.09813138829771466,0.07441464033401166,21.925131422117175,0.8146581229939841
20,0.07493960696114098,0.07344234226620966,0.10326068072149246,0.14236342910828007,0.08644775828479577,0.0882508856906149,0.08135828244837512,0.12541469702302754,0.07336898121087577,0.08444490478066997,0.06670843150451783,5.338148541366,0.22315408814479842,0.09962614878822935,0.09403239703951598,0.07328496188430177,0.08115938758570244,0.14403297694545295,0.10351999202594797,0.07629642655457274,0.08134064018824166,0.07494712174432357,0.11096703648563626,0.060792910758075254,29.75000054865889,0.3000260559755887,0.09777217087462449,0.07377359762062502,0.07365594774237011,0.08185893052841618,0.09928652887543114,0.04551257224765212,0.15187249982965034,0.09558020371857272,0.10514076767200746,0.09911819389130061,0.0764285869993498,67.0082412061285,0.5906100135346833,0.11611879501009116,0.049387325440927665,0.10097602069679328,0.0665716275354184,0.1230210591233956,0.06465296745548478,0.0762595452725876,0.1216886316475112,0.0667894054393907,0.07375282730863161,0.14078179506976793,161.43614660248923,0.9604142067340572
21,0.12083095261047616,0.11025346760832148,0.1078247705929292,0.0785589855907301,0.10676133360140651,0.09859123494708245,0.05764383260679479,0.08445881546241679,0.0701523645307588,0.09099965124148812,0.07392459120759552,96.05789813961242,0.19844786830283545,0.06729040484082784,0.08883444791658095,0.1089543339206445,0.12856680343484278,0.07794974062456793,0.07907763734055262,0.13234242846720348,0.1071264453637255,0.05571261034424243,0.08741625118532874,0.06672889656148324,61.25827781502278,0.1720296044575599,0.07965099994259155,0.0726700417176919,0.11153259435650174,0.0965930667548776,0.0938709968645508,0.08954847048721419,0.09035933850823226,0.0774765442088838,0.11996816556174571,0.09524012168855522,0.07308965990915539,6.369749502213654,0.35031326833357573,0.10337379153402793,0.0684314762982103,0.10321302991303673,0.07471514884199197,0.06344148086810643,0.1237010734032618,0.11326543887260987,0.10145584177196208,0.10050989233969558,0.09313351853339653,0.05475930762370081,93.54411375230897,0.5471049426494003
22,0.11281303234781835,0.08977952226683221,0.09829185895968008,0.07042710373585327,0.0730359083962604,0.11532168095077854,0.0835120319452257,0.10732669356786602,0.05279428374061573,0.12732416857513135,0.06937371551393844,4.354754234083779,0.29430916260071077,0.10191538985716785,0.06736161136551143,0.11156340758992574,0.09950428700081394,0.08236746504686165,0.07367700785246532,0.07657727974001134,0.1168228252062874,0.05421802848250807,0.07127662628688754,0.14471607157155972,29.179402742600917,0.3277280486150554,0.09694788786945573,0.07206506900144542,0.11502065088869488,0.0662470883282104,0.08896763441528525,0.08089506948104876,0.0824649117731036,0.09488956083980803,0.068042333680313,0.13227196148827775,0.10218783223435729,114.38639305200736,0.514208234308152,0.11502951434216535,0.09713154403302855,0.0668350002929665,0.10373055894926801,0.11933566254963135,0.08258575006369072,0.07766398009470048,0.06539235538642758,0.07570120405146397,0.1062095482035491,0.09038488203310836,122.03609251113494,0.9674432696519989
23,0.060611013884207914,0.09065032242185356,0.13275348661446454,0.04111673904545956,0.0764442718696164,0.08502349473977205,0.08455706978774746,0.12898697940210155,0.08034420597224111,0.1043195098441696,0.11519290641836626,2.6600190855411743,0.1362819641150181,0.10180086111683972,0.10320131411802201,0.1040499380743007,0.07431902878099896,0.07962404281465445,0.11034219602359228,0.08167181304425297,0.09800684970776237,0.05676559595423627,0.10344641060653746,0.08677194975880287,3.2014872012391375,0.18337468923773867,0.10705411623773958,0.08572610690348782,0.07120365142580179,0.06712587145121994,0.09163445100525573,0.1039463191987859,0.06345205013531846,0.07687578784262399,0.10624246279697618,0.10364213618204247,0.12309704682074822,43.537992318949385,0.645228441629855,0.0942838321408559,0.08399662546295682,0.07401580240546439,0.08064739029871319,0.0791333007772384,0.11781470119168717,0.0679210885842856,0.11130430332886047,0.14022693314129156,0.07728145734539439,0.07337456532325219,19.454000670728266,0.4697380322474336
24,0.08645310011094576,0.06928795388550402,0.09057867754574715,0.08394979047740618,0.10614046208083817,0.0903855350959677,0.12272874949080305,0.08832267224046327,0.07207590484596822,0.08059985084950257,0.10947730337685406,5.789677012474271,0.2543982957643078,0.11386269117909609,0.0927438571919336,0.08293649377450711,0.09865322839216889,0.023619499383360276,0.1350850072802585,0.04565796232524918,0.05795997603136658,0.09209064672533485,0.11459688413547597,0.14279375358124893,20.570265410080953,0.32926411537316097,0.0940898574427211,0.1241265909688845,0.11439096691647577,0.09179974051978122,0.07269969784276227,0.08938278846052528,0.08031726030617857,0.10621306485708443,0.07788226603116151,0.06239495293870926,0.08670281371571613,92.38461988280439,0.5528147589418378,0.11087380599213324,0.08547280520757335,0.09682399956986949,0.08119131317677185,0.10144959460123831,0.08076875390183971,0.0948540263384372,0.10646596137058528,0.05727147786582539,0.10994341745688625,0.07488484451883985,140.08863969351975,0.6786662681480565
25,0.11034652402589705,0.12722746157897064,0.10455572938481679,0.10317974254040425,0.04885601073425692,0.13404876334699092,0.07128670373427609,0.09577544891132701,0.05270985297813086,0.0763517898780636,0.07566197288686571,4.286709490435647,0.2800488902154376,0.11738195558991808,0.14447016969279647,0.1265915566967433,0.08580163487288049,0.0280446087165824,0.07713480140305816,0.06710698224382178,0.0658088401255481,0.08309173190738367,0.09322149664351749,0.11134622210775003,2.172054353249605,0.41466204203335294,0.07452004820560287,0.1153253396416778,0.09423027272564721,0.08137532099861472,0.07237173992403018,0.09255967384675812,0.06799346343183815,0.057298132300120395,0.08254834769679761,0.15411189586563231,0.10766576536328064,98.70471265857441,0.7546205131200688,0.09854534981536141,0.06348334592270992,0.11240869337331856,0.11433258224018343,0.11588485979079866,0.10177757173740111,0.08012924308384695,0.08444656248285153,0.09669410429790594,0.06167182233866516,0.07062586491695734,37.064496085092856,0.7672266559087011
26,0.10023023905658329,0.09530481019386539,0.09824707976154001,0.0946461711888723,0.09429839645342304,0.0929655229618228,0.1050103994849671,0.08827386783660672,0.08057891328999943,0.09062511059393873,0.0598194891783812,1.8650628952428423,0.12565749117642813,0.09202165880237691,0.08505702348852685,0.10152815534033788,0.09715465000060064,0.1116211751516923,0.09019085622004618,0.07757814312435181,0.10813361277548589,0.04698113522679823,0.10580955362243277,0.08392403624735056,1.4739010670956798,0.12968359264007193,0.09267438182262837,0.0995275421491526,0.09269009634873793,0.0808411736919775,0.05631635168642929,0.12970280709644144,0.09105893752550771,0.09405012000693073,0.06182749439681612,0.10395415216892119,0.09735694310645705,60.72441444330433,0.48514042557796255,0.08912750556705641,0.10019774809237451,0.0901699691307441,0.10540861380428217,0.09033167840078767,0.10289788820618266,0.11913499164039397,0.0757822113631958,0.06829144469320912,0.08582941653894871,0.07282853256282483,8.161992475458703,0.5871401948901457
27,0.10900029915569093,0.11305762369122695,0.08715698655596689,0.10310410022803869,0.05435542756449066,0.06269678155260493,0.09964960205358031,0.07627335697543006,0.10434044329686355,0.12645782719894083,0.06390755172716618,1.7932978536380884,0.1646178271260341,0.09664479939078974,0.11564332258213189,0.11858586451396529,0.07266938362641542,0.10455180075044829,0.10381981679835062,0.09833417209301376,0.053515281672562226,0.06565977074226549,0.08927759935253364,0.08129818847752364,1.2538057734799033,0.1848323108874318,0.13326950511308913,0.09447872429121258,0.07479326036502527,0.07606087357532908,0.042150800030371464,0.057703555118367784,0.0607812754298838,0.1108778502464914,0.0692377402386954,0.1185243001732376,0.16212211541829646,144.33023852120505,0.4185229477295424,0.11564011807916186,0.04311005066392176,0.11894851799425242,0.08439706381186585,0.13344382859505646,0.09881014669641974,0.0929634086789492,0.10832000773104833,0.10390975935462414,0.046876802661051216,0.05358029573364901,52.992497139491384,0.6107142660288241
28,0.10022744103216498,0.11316117980604344,0.10200231711782266,0.06515379479590781,0.07199767239623688,0.05936860158226562,0.09761470529994487,0.06919614822629132,0.09372980992447942,0.10923655983344516,0.11831176998539787,6.285250531151211,0.40702583999522474,0.1079945506459743,0.11024797780055817,0.13811890580164637,0.07743132867380671,0.07507392405420454,0.09490226408643183,0.08131180599814432,0.04816184521014368,0.06689896306622219,0.08842124898916044,0.11143718567370747,93.47840874822067,0.4581626058587919,0.0840126022713001,0.10444990357255358,0.11367417475315879,0.07607931457443158,0.11999603846150654,0.10327710695037821,0.07545982991982293,0.03299621997317976,0.09249843052186768,0.08668150170726507,0.11087487729453571,89.75887847318494,0.8022573295223433,0.09270639958337522,0.07665854954557795,0.07453406491536928,0.06790927789024322,0.08247911393990771,0.08366756478552502,0.09432791536897306,0.09414426101184577,0.12188961770523843,0.11713254731873313,0.0945506879352112,69.86166095805743,1.3119827229139978
29,0.06270833242425933,0.12535550095495826,0.11553805820003414,0.06563020425841448,0.09293995780352704,0.09138127198156369,0.07909936937640999,0.13290923804585777,0.05279723312230198,0.09922114876787451,0.08241968506479876,1.798869757486325,0.15484412327163954,0.0893694505911139,0.14614040971877837,0.042224506458877396,0.08913469343852415,0.06246139091449796,0.06938211461923262,0.07700837377703133,0.10459188598960834,0.08555199649074392,0.10443116059182715,0.12970401740976487,2.4078846550074458,0.168551722332819,0.08443349788254333,0.08561433236834488,0.08204745808597236,0.07539690741715548,0.11488614333983743,0.08257257110873323,0.08394010801449647,0.0930769479997569,0.09677024713279549,0.10537848542062063,0.0958833012297438,50.72347394686103,0.48307119441056967,0.0922928885719777,0.0958934177363882,0.06014357328795763,0.049609407766478035,0.09192711445304054,0.1348346765730273,0.10668766356925923,0.08034962771818464,0.11090031385828092,0.09508446585707402,0.08227685060833174,8.976524045765695,0.6785918360540507
30,0.08978124612243728,0.07684125759270098,0.0864360481363144,0.12789115995282063,0.06808168589573893,0.12177753791092934,0.050592545533644596,0.11280549726137507,0.07669520499565968,0.09217752837191019,0.09692028822646886,3.9580745451645973,0.3985399412287043,0.10861982183134711,0.10742868469406393,0.08497139837681845,0.08156128401509709,0.06320352028834203,0.11009179821736124,0.09367806386404887,0.10579374635132725,0.03431870295995996,0.10238163106602394,0.10795134833561011,6.545722815116342,0.4892087414254809,0.08457378775889508,0.08374207674580038,0.09081394921268952,0.09608460784285945,0.09677630936725119,0.08833402242742366,0.07045584927631161,0.089120015125839,0.11075909838663948,0.09044870579901242,0.09889157805727827,12.46300533948228,0.7323003841672614,0.11897459627092168,0.12502620939062528,0.05067774617516286,0.0870029346906489,0.10094687343253624,0.08469959504705749,0.08622350907437486,0.08784150177243925,0.07854383707008798,0.08371684184183392,0.09634635523431156,37.79760884979716,1.065592402211686
31,0.06896558523507357,0.11987137625970896,0.09249553231567471,0.07632726959687214,0.08561484034571482,0.12884691772329174,0.08963578974574193,0.0848212591423206,0.07320945668241748,0.11927439533862079,0.06093757761456331,2.5970355618164493,0.1148845194823429,0.07915055515935439,0.124229947390182,0.1328397222918428,0.05746825979688538,0.10838049687458222,0.09459316858222871,0.08954606407883893,0.08000242067919554,0.06051313120823984,0.10491782774753218,0.068358406191118,3.6477393599419887,0.16090792516965624,0.09629114116947098,0.08881605049045883,0.07328680224108948,0.06334244157350676,0.13184610741711852,0.09383828084320249,0.06221455211534488,0.09965828253660312,0.0862444447893535,0.0944398653936595,0.11002203143019192,39.49410849343537,0.3930457966840462,0.08572821413457381,0.10488698916090643,0.09473018688317157,0.05129030475863209,0.05289830655892248,0.1362558975089457,0.08233456256319284,0.11744311654710023,0.08957381358136642,0.08023085616042931,0.10462775214275911,23.475554769960166,0.55811030783097
32,0.10846126022069337,0.07334476695774582,0.10343648511331514,0.05356980839809574,0.09798235903172318,0.08460426318607238,0.06638549504466384,0.08612565663280503,0.11255965986433451,0.13556375281423366,0.07796649273631728,15.749869254962597,0.4360125747879613,0.1032950985190449,0.08860737751151149,0.12134414048237326,0.06328716871566599,0.07845994941030321,0.04778734212557371,0.14976337593515365,0.08248793450798392,0.1073963583779254,0.08600615641424325,0.07156509800022129,32.141347474273516,0.4626240734909995,0.07893080682000357,0.10348269273962374,0.09770969657931756,0.08634149154008913,0.07564014749552417,0.09866262832573912,0.12085154020620632,0.07790380620292268,0.07975894459959663,0.09557652229554038,0.08514172319543666,104.50952810372588,0.773067114789491,0.08831257531182098,0.10128630955397504,0.09633204845680093,0.08875400458434546,0.13808194066200244,0.0573084774274048,0.09846943000320758,0.09219600583478398,0.09417845052930063,0.07075615794108088,0.0743245996952772,161.89231502577886,1.6719835062710369
33,0.06412907718740435,0.10340664703825275,0.07645534581661087,0.0956416238075737,0.037123172445532836,0.1608031171137616,0.14487830767070078,0.09163374458063807,0.05958171764109799,0.08069125192084785,0.0856559947775793,73.74307010473863,0.18585317958183079,0.07726906893098551,0.109403041482616,0.13266467503538656,0.09749687860525193,0.0805153134527078,0.04872851719779329,0.08741904928035378,0.0991614122743522,0.07643619178871464,0.09140316311676157,0.09950268883507675,58.00465170415808,0.24953025686832828,0.099546045392785,0.05078495111080158,0.12451331196081261,0.12808943931634395,0.09181392478729737,0.09660679600406415,0.0472472483301735,0.09262682208153215,0.07978482889033107,0.09664438325268117,0.09234224887317743,105.10598758396236,0.5291815876332261,0.06997408415887456,0.08594809937050762,0.08637724853379274,0.0955929349205541,0.10442636087670688,0.06864139049979963,0.08552356605281626,0.0832949458628894,0.09866853199773983,0.1010660758447142,0.12048676188160484,135.0107569518492,0.7694085181175314
34,0.07606763450781444,0.07539802291575635,0.07869347773667991,0.09515889375342053,0.05611341090313198,0.10294909588508945,0.1079606324327798,0.12107725198102964,0.08378391862023683,0.11468199639275867,0.08811566487130235,100.6379632984084,0.2346834143102853,0.09642015845452834,0.09945936628586029,0.10115127770627641,0.08417690128702641,0.11500532701143092,0.09027059188718335,0.03578385676977996,0.08248971355456836,0.09273880818967521,0.0890719143642456,0.11343208448942509,35.912809940522216,0.2002831846022315,0.10663031973767956,0.06842891836002217,0.07009935855124877,0.12144580363159656,0.09862784440439487,0.06868882833594865,0.10679489522259211,0.10990148618096969,0.0845907689641998,0.10672020552111451,0.05807157109023329,133.28353049555827,0.4493505657302343,0.06975893522282038,0.12311333728572539,0.09124568018565433,0.10792131666735223,0.07649412467610428,0.0947898250439886,0.07844406225722694,0.05229219653433653,0.06132251127528306,0.12181964719388942,0.12279836365761887,148.38363712103236,0.5767395653627245
35,0.06264328982189322,0.111252678973551,0.07145019080057664,0.10817932823107305,0.04594199969653528,0.11887269421560596,0.08209206729436833,0.10804879006455836,0.05676353718614813,0.1296672467624059,0.10508817695328417,30.779851516264134,0.3281286810823321,0.11211546454824889,0.09581222946182598,0.07475045496993431,0.0968051190154851,0.07237344949584576,0.09001321422654811,0.12276514347109997,0.07286733972800157,0.06948104392068392,0.084866857931105,0.10814968323122139,60.97095193066584,0.3978460575948007,0.10939488889693205,0.07675666669625154,0.08460618577488516,0.08516149611602038,0.13675243630700964,0.07245211665601693,0.1020610914534708,0.06040270112274759,0.11627337308441534,0.05889723256380299,0.09724181132844752,146.32022003690517,0.6608270215434033,0.0852498019605898,0.09769993803619588,0.12212261742078018,0.07799829207611232,0.0699260261858312,0.09135597778132631,0.10465586316346785,0.08295421390912104,0.09292541423019551,0.07057494845557612,0.10453690678080378,45.65827045368682,0.8106282700899917
36,0.10939788307277747,0.10090666178711473,0.10131281166488966,0.08711792721578109,0.07231072208515178,0.09182123220250438,0.11154799634435923,0.0946155048148118,0.06609697096239381,0.07525093484200675,0.08962135500820928,3.5480016761228375,0.15972597807809688,0.11403686096737832,0.05301017356385068,0.07843840964287574,0.09066416781896403,0.09182387845551622,0.08126476215386828,0.11207006246003921,0.0939717398116653,0.09335467731246087,0.08863982185121123,0.10272544596217008,6.082282905266748,0.18927728013448772,0.08166296159497188,0.08256422216090355,0.13222089444763455,0.056262443502894305,0.09376463734233469,0.14328295187380094,0.0907920589656868,0.09702038023402755,0.08911354952146126,0.06551996296210706,0.06779593739417734,57.88176156770327,0.49687681324062555,0.05747957585576809,0.11269184458929944,0.11069479846915596,0.04912658656854892,0.08496674846894127,0.07763365277263683,0.09533290837318391,0.14686930589177652,0.04904726963235165,0.11677613039780721,0.09938117898053019,125.50228661711752,0.8918840954321091
37,0.10393252934222526,0.10767119037684343,0.13506264500294593,0.06501388447009616,0.10144830025995517,0.06427525127566526,0.0427375656292606,0.08748387389305627,0.09375010597335359,0.11217703384967692,0.08644761992692135,2.2797838574504206,0.29062075183748315,0.08203227370480141,0.08180763460088382,0.07442930326931352,0.12992755952761822,0.05784005932205749,0.10896560068988399,0.0954791841474909,0.12642066113089506,0.07419696238957614,0.07294907479863665,0.09595168641884272,2.536691950421255,0.32006528266839823,0.10348257654782585,0.07954184911202679,0.07471220501232796,0.0794138396024598,0.08501615636645514,0.09449968595426168,0.08089144147267531,0.10800602241686906,0.0971396568832708,0.0964565916024217,0.10083997502940605,22.63474167202661,0.5264008315361454,0.13582168258010463,0.06270997563571584,0.07814636369685164,0.07218058596200964,0.09887222045915427,0.11938214139795295,0.10469341974545661,0.09776708573199605,0.09494529512408773,0.05995278472352816,0.07552844494314254,117.10772809380269,0.8545048313481606
38,0.06543558987410412,0.08994081318910159,0.0942038902054117,0.06240603868519878,0.11849509156903852,0.11126652970445265,0.12051264496654883,0.06986886901898885,0.09355836604885508,0.0713908426348596,0.10292132410344042,8.430714359310434,0.16640692101705165,0.10453136056603012,0.10079703138765345,0.06045755030560334,0.06433996711502322,0.062391283749997445,0.10726724969621959,0.05934184777872529,0.1205189945408069,0.10107143339016983,0.08945365027078654,0.1298296311989842,45.28144772109493,0.16126961068447926,0.0941718600767066,0.07570296374486804,0.09113597935621508,0.10111776096311748,0.10513139875529776,0.1102904689820831,0.08977949969651666,0.09684860835686153,0.11926348788270108,0.06734616356971836,0.04921180861591429,121.85198339668246,0.4310773201670835,0.0752099841867685,0.08870770112686621,0.10365655065376393,0.0968840881898904,0.08769487266807796,0.09641452230178012,0.05919009184035821,0.09552460206793212,0.12414954437128752,0.0850499726726981,0.08751806992057687,99.41110248186276,0.6270398907511399
39,0.08726096501774015,0.07728641989806649,0.07652837213114456,0.15673790461229484,0.04589039563159247,0.07622428835841334,0.09684122899915458,0.09943162753850099,0.1107456717681674,0.10220547663940537,0.07084764940551984,5.482693811745034,0.31652279233350433,0.057740277827092595,0.1317292545967728,0.09486555256848811,0.13307900821213095,0.062028047849646516,0.11537173713915773,0.07709780607762202,0.1020376177615548,0.04327824053444967,0.09627083510555635,0.08650162232752832,4.57278244540433,0.4462145364751329,0.06925658401170126,0.08798190654282297,0.0876866843851113,0.0818534468271243,0.08256486467131231,0.0950424931441886,0.07660300595718818,0.16199795287265892,0.0966894189329262,0.10288263153651778,0.05744101111844809,30.407031748729338,0.4852417220967627,0.08472045068065975,0.11495068657386831,0.11124936759782865,0.08031324633586129,0.11550884202789292,0.08383537947273871,0.08977732990321051,0.08826487697080693,0.07569255675038729,0.07821319984313933,0.07747406384360639,58.77133277016829,0.6952736801545004
40,0.12396629845184513,0.1430737681556384,0.07460306775157881,0.050243246174603885,0.09643949077099105,0.1181656750324719,0.07039246226954786,0.08707413896739606,0.062047527235491264,0.09485239343582286,0.07914193175461275,43.60694746425156,0.17586841710586054,0.09875865722515405,0.11235819721089864,0.1093063790374974,0.07649051607371353,0.10991992358165986,0.08945961942109222,0.0782438238979924,0.12660916301045563,0.048239402463619685,0.09121042619767243,0.05940389188024412,22.02845411014447,0.2514021046018824,0.07445900883672917,0.051819835407255065,0.11260434482255854,0.07554273834777313,0.10113331906797733,0.08468432410678974,0.0801387468648503,0.08774307508653623,0.12995476986625284,0.112330080483467,0.0895897571098106,19.777580599404725,0.6437785848358537,0.09035226483755066,0.12033588331163132,0.07510997200886563,0.11666603772330096,0.0763631062167854,0.10135771183366027,0.09735652637652574,0.10442939742406421,0.03962003542769512,0.08197799218851447,0.09643107265140617,75.88464070874467,1.0711628024355881
41,0.08264762097863702,0.10661154460473132,0.0933774919413035,0.11915944652495114,0.060526081584477726,0.08383136879396146,0.1069207665641711,0.10797666036740916,0.06295690021841963,0.07629040962387316,0.09970170879806477,17.17481714693727,0.18385066592806662,0.11345451408900886,0.0832269590559739,0.10184178825542671,0.088281984869729,0.08857284054842236,0.1290743317245916,0.05300057039725157,0.08173367120634747,0.054345250393058826,0.1182641495864886,0.08820393987370108,82.31307133921656,0.2783985552346829,0.06099746710970683,0.07868171805101057,0.07848932682845515,0.088418486785921,0.10623061771868669,0.08344270230570379,0.09737118079148403,0.11429289846237962,0.09848298300952239,0.07742940626568146,0.11616321267144845,141.0374614713356,0.8165147989063719,0.10109120053914755,0.14959316544115633,0.11394661096222806,0.03437647208472768,0.1252763138461949,0.07747878929083858,0.06360588877058825,0.06428005912519717,0.08676048120884812,0.08967239140227083,0.09391862732880256,122.61739356280214,1.1793156564760972
42,0.1399963949824681,0.11070952049781353,0.10076771072664698,0.07268358522087137,0.0570858710817481,0.11438891725298672,0.062172216969388884,0.09416194486301499,0.04281471302376607,0.0908288564893649,0.11439026889193028,4.3038866523531025,0.2072680898380618,0.09757464555840943,0.08850097190310181,0.08821766401939575,0.07628015620680073,0.09316794252332017,0.08088112142956945,0.09064943226146542,0.09270963820731788,0.0904487883297715,0.10005013642804668,0.1015195031328011,4.685042160427526,0.2321372598734809,0.10051407426807286,0.06325870464299005,0.10706535224687881,0.18612616770212242,0.0943343979482736,0.06871838414240553,0.05577414805419945,0.09556834207223713,0.08113322739326317,0.07245763323711694,0.0750495682924401,154.98559100497062,0.7821433592114745,0.09080464990771842,0.0734879966806,0.07892083592584644,0.08556329879489581,0.09501521990373563,0.14289267825239077,0.10745455618471826,0.029899578858419335,0.08770560317857316,0.08634856093470417,0.12190702137839797,132.42193429592268,1.3631563311457333
43,0.10122700092241403,0.07913697564238775,0.08706820047304957,0.06889956316468027,0.1501834020290301,0.04840301572020056,0.07150465595584125,0.12008866413532755,0.07385354399001633,0.07330226271964871,0.12633271524740386,1.2947053914741031,0.19557546468617495,0.09374689951413824,0.12475193441382655,0.08522077916598753,0.09335902765081555,0.06851707747511963,0.07270984524024253,0.08154871621160624,0.06869892571081875,0.07475603177749347,0.08069525714816012,0.15599550569179144,1.003934956642673,0.13055861680398595,0.08802422585952246,0.12488157432069386,0.1259481942859578,0.09940042043283721,0.07350208511793196,0.07223732038729072,0.07537055796663995,0.07049009729443721,0.1077068446135887,0.08171837873444039,0.08072030098665968,77.07378955877392,0.7189833719318154,0.08922312358983338,0.0819380159803484,0.0926210786495419,0.18207788447198803,0.08829443918819802,0.05912406841446396,0.07866732412196549,0.10594400246061209,0.08058473668058713,0.052056099473273255,0.08946922696918835,65.4069909528747,0.8934191160001418
44,0.07259813608291162,0.09178687869548839,0.11490097430940022,0.10109282189365011,0.11943719276898142,0.08200442161866024,0.03893468132697335,0.09162165615152192,0.10156881319492193,0.10435276531064434,0.08170165864684643,25.7002187899987,0.23572875264591156,0.11724101610792385,0.10961985243739937,0.13467866649256585,0.07796175063905474,0.10451031841257961,0.09004840293934774,0.0526537300269608,0.09765238484712531,0.03639184497694326,0.05212420738957993,0.12711782573051947,58.35219693967542,0.2720698039648695,0.056973263839724224,0.0799292734650849,0.12495493294968095,0.05491771439561777,0.10939037036234343,0.10850316911392321,0.07100335226755512,0.09122475216654109,0.0685019683642161,0.09982091274707137,0.13478029032824188,8.673377355738978,0.5887978297378251,0.08192183281571624,0.08288486396811251,0.08767457304936327,0.03271663262919558,0.09255823927279287,0.07113161713582201,0.10725808567293275,0.09971692158176822,0.0980841288301974,0.1284716940312259,0.11758141101287319,13.505707736054559,0.5775934905520005
45,0.12495353532653793,0.08103032755518465,0.13994289580232613,0.07584525468858494,0.08432643561968421,0.09545096144261443,0.0785874089886124,0.10508286759154954,0.05487119489493156,0.09257053148734205,0.06733858660263216,28.373114578223113,0.16472369708800985,0.06209837015572362,0.11018313498889622,0.10328326715190966,0.08186714205958269,0.08511561930528098,0.07215926235087518,0.08487448682373573,0.11066878738905818,0.09159958957255628,0.0766672122918326,0.12148312791054877,39.73206372437723,0.2527280939506162,0.09701247117488858,0.08878634581691645,0.07645674346071352,0.10392944755883171,0.08129995228458015,0.08880853116554967,0.054950808394902295,0.11254922742579783,0.08789189170811602,0.1061292696614599,0.10218531134824387,60.598845683553456,0.7628785788381615,0.08028770811221947,0.10695808488759402,0.059887924009802716,0.1088319322476707,0.1286052298241489,0.060840354101825984,0.12732011925853706,0.10129262921648756,0.05659650278439236,0.07545440167067362,0.09392511388664763,89.02058063688862,0.9944869399057348
46,0.06288787648870141,0.1456368598406154,0.10919525661724165,0.09387879347181517,0.09153150170744523,0.0903316976983947,0.10353723627097577,0.11149372121001354,0.03814117645745239,0.10732254785987032,0.04604333237747452,23.141147174519364,0.2263801087277054,0.08889412685716884,0.06388690059443046,0.08717168004937952,0.08405629749034516,0.10508833338105521,0.1029177938698446,0.05326152306584744,0.09704225846563615,0.11654088278971973,0.11366611564567636,0.08747408779089656,56.82424969841722,0.3255275367420792,0.12034251338449264,0.1044086981871658,0.12522333291469698,0.034284879931467234,0.1283905068461593,0.056500992103014874,0.09494331523170645,0.104748076059623,0.0798888981548284,0.08585041058257813,0.06541837660426704,127.85858090749582,0.8613195549339272,0.11401673559634899,0.10047519530002459,0.09038521357623204,0.08367077782664994,0.08200611650451319,0.12018565606992133,0.06511970187144774,0.14362979519851307,0.08309570682742357,0.08838367282016628,0.02903142840875921,114.26861522885706,0.9277744823725254
47,0.08374710757926691,0.0839324046360358,0.11893717516864626,0.09153208024249436,0.060179831361871876,0.0924754140917563,0.07323947390439701,0.11555103920150567,0.07110282659949729,0.06892578752086878,0.14037685969365976,7.2205739643662,0.2753188872213914,0.06919742911982422,0.09445448526914028,0.09522871910434695,0.050838615645413976,0.04023466785662603,0.1035451080162369,0.11090063187698414,0.116686715909196,0.10325811630298103,0.09442410679909484,0.12123140410015554,11.094474608993442,0.28691971828892987,0.08068328461605369,0.06775198585947884,0.08481331209325765,0.127684272349031,0.06850487702730282,0.07197282870719814,0.08119600844254765,0.11330425040174069,0.09889615398948172,0.10932695393005155,0.09586607258385614,101.91829232327984,0.7479520258235803,0.09341724651879953,0.09591056190875957,0.13573955358653558,0.093289636884036,0.052161728008521833,0.11570593799826405,0.061566377360248996,0.08505364086558513,0.07276311334198442,0.10806834910146784,0.08632385442579711,141.85099176434508,0.8391202825745029
48,0.1172245435308087,0.09179469501088716,0.0757680752708252,0.08652639914099146,0.08122400386005907,0.08673857706616998,0.09277969164017959,0.09764143792373196,0.053428308464179175,0.11026488979788429,0.10660937829428335,6.044647529101689,0.21542919815280617,0.10443648518741477,0.10804874947110991,0.08717393948189893,0.09217134904875357,0.08997160690114973,0.07821993224290852,0.09474027868242252,0.09213920608819053,0.061689572792973525,0.11029752278650784,0.08111135731667027,4.863583527535986,0.24502255559157524,0.09929166690947437,0.08609146974470051,0.05360330317696282,0.06199359874616032,0.11334028444593085,0.09965855023069088,0.09261517406858133,0.10119447459065312,0.1212781229624141,0.0872718756424908,0.08366147948194086,133.84379419768945,0.6462267886412643,0.0831908919209041,0.1390896989014463,0.10087452783153635,0.062357567671185776,0.10304300287164014,0.06017678687399506,0.1242187398553453,0.08082043276041924,0.07466076089989793,0.06596812540838796,0.10559946500524191,44.72503903687194,0.5499617835338084
49,0.08085324546249184,0.0871624718339694,0.10423689450520217,0.07916531450109666,0.08635538778939165,0.11068971191086267,0.09112974104008549,0.09051668794550244,0.0942918897677449,0.07308315415256823,0.10251550109108455,7.554560617259802,0.5200725787194557,0.13175846847151582,0.10518700048806236,0.07086926276779347,0.06983764886751205,0.07586027677614489,0.09385785773662897,0.06383316781665373,0.10791750131876436,0.09040897543759996,0.0828305825247987,0.10763925779452561,77.65407993531494,0.5017680379804426,0.0784837852113283,0.12076772636396173,0.11113671682876126,0.10081717984236777,0.08851497237169716,0.08525073493570871,0.10186865391148407,0.09347273742416995,0.08969674480608386,0.046896728998605745,0.08309401930583145,168.80975573800433,0.9929793349079077,0.08833836747678936,0.12145449857272546,0.09531865504477356,0.08702414306980945,0.08269716510228721,0.09119343584734259,0.049004383928735795,0.06538592696459113,0.14338497213164544,0.08270792951206342,0.09349052234923656,162.9115387064676,1.1325680185780378
50,0.06530245785208512,0.1131498389783786,0.16527013927531894,0.09122418555320766,0.09418114878629225,0.03611126144368237,0.07802827746286296,0.1019629263054798,0.08667632747889237,0.08706522651173415,0.08102821035206573,19.691868853145547,0.27034514102865786,0.1353465613400566,0.0850505223489902,0.07879712716000072,0.10595963797048828,0.06916965238672208,0.06173254635164923,0.08015129451078419,0.1427875451023427,0.07764935393082713,0.07416687739738152,0.08918888150075731,13.476705814544275,0.18279496124665928,0.09157941464876292,0.1241522540655966,0.06815652991795448,0.12353714641520563,0.08463933814674185,0.1181800641240972,0.06170237510661545,0.11040159342637156,0.05803386761430216,0.11303507455680145,0.046582341977550644,145.6010254565838,0.7536345412236721,0.09894892824249123,0.1046255915016779,0.10617715006454191,0.09747628476564785,0.1078670456729263,0.11277805409240683,0.08313810219606861,0.054903245447749875,0.08022057247217297,0.06060367201018269,0.09326135353413383,81.18443608807125,0.9481165911501245
51,0.12711056969029996,0.08318913563882745,0.05711866660987338,0.08759747882544001,0.12573790054325443,0.08564166837627264,0.08314035709208505,0.09193679668918599,0.10151753049146539,0.0902738188918954,0.06673607715140031,28.33702152933232,0.24885879311153802,0.08847563994619904,0.12214443231125367,0.12646169500844348,0.12457094156171221,0.07846224066121378,0.08858375323579282,0.09471203356345355,0.0742621754296162,0.045945373284635334,0.09260624550672007,0.06377546949095993,2.5594337429356084,0.3085389480884668,0.10372318611591753,0.05393393319743437,0.10367324223543255,0.13521256236096088,0.10724527574319564,0.06035333463978115,0.07015942297930232,0.1255101105879183,0.07543566396815489,0.10630891191697249,0.05844435625492992,136.50841804079528,0.7224418361672008,0.08976211088215703,0.13038956572962654,0.09141921396857315,0.1058078737728676,0.08269735826208217,0.0744966298495588,0.093939226323413,0.10132128975324912,0.07117240913573636,0.06798166008629662,0.09101266223643976,155.58916344737386,1.1062771315979825
52,0.09563005869890806,0.07832397420005469,0.07733582479371585,0.10333049180819669,0.11460274869205032,0.11360304518161306,0.057107261549723926,0.08658029030008725,0.08008125877770211,0.10647684604942316,0.08692819994852491,0.9618537682049263,0.17657278353442543,0.0879634438439537,0.0882284209056657,0.07590319207227116,0.0867338862521233,0.109187763635486,0.13967377159301445,0.05260692299313143,0.08941599042046496,0.09797991489832235,0.09820036266680925,0.07410633071875777,1.1619081734327918,0.14570576558940238,0.060134642239910656,0.046383926635600536,0.08545018734405206,0.11047446357114338,0.11186607842565084,0.07032514916303503,0.10927930102555623,0.08444857154273334,0.12288714809111366,0.09332817548428085,0.10542235647692348,156.96652109335818,1.0827065368753523,0.07409830234367722,0.13905917109318083,0.07707419119779911,0.0895826650713895,0.04640780574065847,0.06365641997465658,0.1022802405531064,0.10716108485865057,0.10034035845851937,0.0981910035883947,0.10214875711996729,142.31530092896799,1.0408507481411233
53,0.08191627045751662,0.04963016403607486,0.09549113667866986,0.09113522436622264,0.08544675413922138,0.11566660540577035,0.06619099889982931,0.11635307613951357,0.07653646338600172,0.11079989807089292,0.11083340842028673,5.237685057444584,0.2540990563766902,0.06702196098953554,0.0954395340452505,0.07977311310833636,0.07312814881832908,0.11369525920052348,0.09846002429461503,0.10438691626856461,0.08052470956894868,0.09240798314889824,0.10108015181445851,0.09408219874253992,3.877237893683912,0.3425478507274946,0.10563134516750672,0.12074173678431821,0.06593473619106537,0.08985371207592718,0.10409066446681044,0.09351445277679123,0.07537211641098131,0.08290041854956995,0.08224193389082594,0.09047408481629704,0.08924479886990659,106.26683015704141,0.7046632310537465,0.09858468897662274,0.11140728283792951,0.12008168635970234,0.06413397915994157,0.11322598836320046,0.09249990526471745,0.054340027814216485,0.08678563377683095,0.10974060514142973,0.07666326251765956,0.07253693978774924,60.42678603101954,0.7661579665739544
54,0.06260604011275762,0.08166319083475296,0.10206858322327428,0.09328802416855132,0.07860134985575762,0.08882065130032997,0.10947986018369749,0.08250590714877117,0.08636612829190878,0.08750170294145972,0.12709856193873903,58.083972563665554,0.16933941104906944,0.06597051288187751,0.08019892736527344,0.12835674052956303,0.10980185255547992,0.09429996898345501,0.1160474431409546,0.046133182571369565,0.09698956131088815,0.04565991893950285,0.09720410164564697,0.11933779007598884,7.396944739442026,0.17164523729705627,0.10033528049187694,0.09265456111503818,0.10059516036013179,0.12987158694671708,0.06572299320971013,0.1000151371783289,0.13039224537765334,0.05955718046213943,0.08962309559620084,0.06658094377801352,0.06465181548418983,61.55464404934161,0.4180742877541879,0.08875494243798898,0.08989235410157355,0.09522071793458331,0.09565275628001291,0.08517993478919965,0.07929047121420758,0.09667840261595755,0.09681337460967071,0.08720769153745711,0.1079974424303509,0.07731191204899772,112.55368358405791,0.5750324870306007
55,0.10830661816170441,0.09870578139988867,0.0984738137672412,0.11342640780192204,0.03980018627394483,0.09290861620787812,0.07240392011742224,0.11074039154818659,0.05655129262302672,0.10198427811357376,0.10669869398521138,3.202414480614344,0.13376080761457287,0.08924970468903255,0.11446184806500055,0.11214209256092482,0.07484824060306375,0.059473694005494654,0.110973638330829,0.07332103342215944,0.10970216009184951,0.08922688079136513,0.06121939493481974,0.10538131250546086,7.413871552041705,0.13431990087231752,0.11935868544960458,0.09627092340349513,0.12339509551591643,0.08711597981237967,0.06269910603118135,0.09917670706065436,0.09079079338389358,0.11198927992861084,0.04641010596608531,0.08968413816149823,0.07310918528668055,59.60492006933968,0.7917162772104352,0.0687985839290519,0.11950294401126206,0.10229768833731723,0.0911459561993997,0.06669054860863294,0.09662873460472758,0.0809911205620259,0.08518066464599865,0.0941691924975017,0.1099981492091462,0.08459641739493617,142.28639235595986,0.7943789590969494
56,0.1169664141291028,0.08109922057621315,0.07925262737409898,0.09309476316710551,0.06801695378865417,0.07599343171063294,0.09018586432505694,0.10156103318423067,0.0905918292443791,0.08338777028557078,0.119850092214955,5.684821751028831,0.17844240951441762,0.11550927393239441,0.08528840436451517,0.07160250394648109,0.0912290721493233,0.09348129242984689,0.09562115686830919,0.10522062824011287,0.09960851298651889,0.08710682883707578,0.061909301048060084,0.0934230251973624,51.645386698970164,0.24287153114154192,0.06127731366253945,0.10283498136874362,0.07511626448806002,0.08787666427917673,0.15384938573098253,0.10884378716141785,0.11090030431625043,0.09204323374122579,0.08356612247914602,0.06360431950152191,0.06008762327093569,61.58961913565262,0.6779174928321255,0.09137183904935936,0.08436132902493486,0.07520173221656078,0.08483346625521741,0.06687573693407671,0.07602761137658476,0.11153526283532149,0.12718992195871895,0.11006309647490962,0.07289692611610073,0.09964307775821535,63.76117842485947,0.8644288464316702
57,0.0844601886357957,0.0788415866027118,0.10689795474769757,0.0730746270906054,0.0996474062077155,0.10608262126864709,0.10613301828983174,0.09506534791015604,0.08897964653211905,0.06894093234285421,0.09187667037186587,2.5269447427397984,0.30783175013234626,0.07840204555611668,0.11381972004690026,0.13291852687706618,0.08438840673414916,0.09137962239615183,0.09580388765701124,0.06163079334065811,0.10591802496918452,0.06567730145247044,0.11745918112257918,0.052602489847712396,5.349563664071176,0.37128657197278647,0.07649857921355602,0.10376200638728235,0.08770968698990822,0.09942947449675417,0.10962402808443361,0.0616721272756251,0.11832118215032551,0.07109959370290751,0.08930386439878087,0.09725450032710363,0.08532495697332292,12.513168722768894,0.6031011132400621,0.10970896246126667,0.0868175879242659,0.09619127174340415,0.08869355518343196,0.039055117222288493,0.11106399868179545,0.07352964701499828,0.059180335568036445,0.09162341082496556,0.1370634247139544,0.1070726886615927,66.73848808920924,0.6667332981113342
58,0.1279338040686682,0.10460300838341137,0.0634211049859821,0.09771814960446079,0.07957836185011521,0.06684484119866145,0.09509015555396544,0.08959750057919506,0.05903063349960345,0.09553127778019664,0.1206511624957403,2.181535671261708,0.18141575969460086,0.06999955477824063,0.11343698548599523,0.13768834957652668,0.06244407814104736,0.11711691446246797,0.06479108848573333,0.0898726828817024,0.08547408168773131,0.08063301745905706,0.11451656752856414,0.06402667951293399,2.3100345685416217,0.17136337212087818,0.06267283032109591,0.10463074105233734,0.09950146155825794,0.07368357686683184,0.09160402878397951,0.11567984350042544,0.08429536629308167,0.09120897176762495,0.08706450391446807,0.08424743814683489,0.10541123779506245,35.621643520308375,0.6082460830760952,0.08561761811055658,0.032352311984007336,0.08507629273791785,0.09570723627821087,0.11467053275977691,0.08259383614355355,0.10782236819819048,0.08297082402485495,0.10384473213265488,0.10603982521346657,0.10330442241681008,95.27703674273322,0.8115378603915647
59,0.13922973770367728,0.0913750821309638,0.09189990962327627,0.04667752680935198,0.12223060141705462,0.05366164797585321,0.08442166697848978,0.11681925855398195,0.12664110273064583,0.06355447498621897,0.06348899109048645,20.128082434682984,0.2463218329088993,0.08099798884947533,0.08943935257326419,0.07210559034732245,0.10113915822245513,0.08640792294968103,0.08859135249427412,0.10431833398000134,0.09237058285663914,0.08085346195183435,0.11751108115007879,0.08626517462497411,7.539715202216295,0.2284930469555817,0.0,0.0,0.0,0.0,0.0,0.0,0.0,0.0,0.0,0.0,0.0,0.0,0.0,0.0,0.0,0.0,0.0,0.0,0.0,0.0,0.0,0.0,0.0,0.0,0.0,0.0
60,0.09176298292014268,0.09882708192081495,0.10385560424974172,0.09706809310990715,0.08409910248682552,0.06399858302064117,0.07524234064305522,0.08110337859594298,0.11623034645025761,0.08014170611002867,0.1076707804926424,13.672421641641767,0.24111926005921358,0.09113955988136786,0.09844355977175984,0.08442029023407378,0.09103778896204262,0.11750010253585226,0.07682350707987859,0.05754514477897928,0.12447594421670842,0.06615878198304144,0.1058114675529197,0.08664385300337611,45.818794498063006,0.23757325669902177,0.09147387918600403,0.07976232253032296,0.08653411089900975,0.061851144173894895,0.08292659472105762,0.1101627676880463,0.11259221051140304,0.06665412318698326,0.08786027482184071,0.09951687471039772,0.12066569757103977,48.28549682055678,0.5616203091634836,0.0,0.0,0.0,0.0,0.0,0.0,0.0,0.0,0.0,0.0,0.0,0.0,0.0
61,0.0515322871438039,0.1007889063764047,0.1210707804749309,0.10582215148677043,0.08201405555731145,0.07282928754833624,0.053523310461196676,0.08135610435360949,0.09753450917188043,0.12128612458144682,0.11224248284430895,3.8933990051215748,0.15928414355956952,0.10414888843842275,0.09504820725411091,0.09281775150082601,0.08702901833517751,0.0806714363430022,0.11226926146735865,0.09402118016153331,0.07565934601209247,0.058386150400866504,0.09581893915439203,0.10412982093221763,5.298206222169853,0.19562700217262383,0.058407854748939704,0.11347833841078743,0.07445302045860053,0.06037465807341761,0.09718091833553393,0.11754413383481506,0.06311429533610909,0.09672673138463923,0.10766206058535355,0.11999337566518065,0.09106461316662319,104.72646833912403,0.5148503084511086,0.11161904602765667,0.06951916369945109,0.1037604997956439,0.05019359587540939,0.06490576831121532,0.10116822396009902,0.10365756100138691,0.10256519164292838,0.09178843841038202,0.08612003027126662,0.11470248100456067,103.94318928589861,0.6428329001090924
62,0.07691258090581084,0.11609125346177546,0.06949717690464101,0.082764950848345,0.06670308043255883,0.14560662799164872,0.09556118382056807,0.11772567777694098,0.07556442367645191,0.04911689034419753,0.10445615383706182,26.111200822102223,0.2922008065263915,0.07536218848747213,0.11742144470770309,0.12382799702777508,0.08285876764201897,0.10221094531602563,0.08402437948956996,0.11966439719774295,0.09716554696465401,0.076397530266042,0.05264328417719166,0.06842351872380448,58.864229014342776,0.35319062502300275,0.13813175761771038,0.06998317991207675,0.08063989564074109,0.0787008281504444,0.1146869175914935,0.040362889344980835,0.115374611294629,0.05344746346986098,0.11381734786338094,0.09887673631693726,0.09597837279774492,157.1030545595569,0.9689966882501201,0.09388696417028675,0.04965191069897814,0.07671668699385323,0.12347176593310076,0.08681084496026485,0.09726663185535768,0.06382659026142028,0.12794493503647628,0.11670122446662941,0.06765041603016593,0.09607202959346679,88.64923101711207,1.0908160381886969
63,0.12934315353701564,0.08166872739660225,0.08396257601793566,0.13561993241203843,0.06009688035587566,0.07052219762465214,0.03542865051744439,0.09862123237519316,0.1358193432193225,0.0836779376194769,0.08523936892444332,2.3556425522509348,0.23795722812732004,0.07644338477310446,0.12002717478957096,0.11108757888467669,0.07751055085923518,0.089157430244647,0.11400589485843897,0.060816658724174986,0.09714140154879956,0.046725812948093526,0.08221752224070472,0.12486659012855394,1.9405580364852757,0.1838486798952411,0.1260246842553144,0.08413982767741911,0.06492950003273829,0.11467986856240997,0.10046321431230777,0.10319170420326179,0.05909449081809751,0.0650611772450551,0.08477134496285062,0.1073462615452803,0.09029792638526514,59.57418790638888,0.40866115236185924,0.08144951883610434,0.12454284271343663,0.11463433392214979,0.10272268126368607,0.07402256119270068,0.09684984287926851,0.08063488252421104,0.06061446734969894,0.08567942148992762,0.06589572767592937,0.11295372015288703,106.2593099059733,0.6863282632846568
64,0.0576640318227216,0.1107644330285709,0.10878559511150654,0.14976233516432427,0.07325532953706666,0.07860526512359389,0.08121077845674794,0.10621875420433129,0.05033437305835293,0.09941276993326224,0.08398633455952172,3.447250873257634,0.14491754179934446,0.08681162681305953,0.11560567791901256,0.0862540192186657,0.06887857435087592,0.08391045393612977,0.09788281552320018,0.04520076229970508,0.10140482740346342,0.079288219642599,0.13642367345410397,0.09833934943918483,71.689926959408,0.3021158319830847,0.07061952766916503,0.10926550527202576,0.06541025873479665,0.09656425211998039,0.08972245668383817,0.12135538683589502,0.12376075647224438,0.0839384834492254,0.09592055940785117,0.06447495946430847,0.07896785389066968,119.77026582026782,1.2650116236391662,0.08581961394528836,0.11637036842469567,0.13763747833587892,0.09586913079415116,0.108674960952929,0.059787315312551916,0.1016099510291089,0.09452877427803637,0.06575570725622058,0.06994318061405293,0.06400351905708616,89.76171700928164,1.503045403817597
65,0.10190616155976417,0.11609448426064788,0.09286034361154148,0.05516711141597891,0.10106021688893636,0.09800655521315388,0.09736216269020759,0.08689704004915622,0.09554223601776612,0.08062155719488194,0.07448213109796546,23.905576434682885,0.7399538222059737,0.10928970935679626,0.10997698615358399,0.09296818982358808,0.07916758335403397,0.10688264551248731,0.09596260005951794,0.09032412180249945,0.06593030983287704,0.06934646009132588,0.0809285223221387,0.09922287169115136,9.90128212095687,0.3963382469325977,0.06885180547407672,0.12951173976354458,0.0722764385538957,0.06818839858014268,0.05939328282379205,0.11518721235801783,0.14473718257695745,0.09687822085289104,0.09980642565859016,0.04533768608957316,0.0998316072685186,152.36193955654244,1.2089674479291113,0.07133986079921634,0.11426246459210965,0.10401587625601649,0.074148066780099,0.10896501694755317,0.09891734536724445,0.12131000315929637,0.074153886301806,0.08649989017564554,0.09830426338260817,0.04808332623840476,146.91579445534117,1.4832725796484079
66,0.0881152613647948,0.08637259663354187,0.09064073684325881,0.08382576764276306,0.1187758429872111,0.08562452717702086,0.1206175170563017,0.082486813754731,0.03513595044025524,0.1136887553845188,0.09471623071560281,65.22347291806413,0.23097425935461832,0.07851188109614378,0.10543972627235211,0.10152774472409402,0.05139394790602203,0.10074456508238927,0.14870592793366316,0.029877719739810644,0.08145328794952028,0.07579556594734482,0.14781406441737585,0.07873556893128404,18.27360416422384,0.23436946461918814,0.09153601660650225,0.0633268021613436,0.1156178528066381,0.09933171733099751,0.09815431912833272,0.11310318340346658,0.10078489137575614,0.09462111767826481,0.07928040145023883,0.11000127448597131,0.034242423572488134,50.15690059394165,0.5843740547026328,0.03333158871328847,0.09858149637281373,0.12176731951227386,0.1139999697922276,0.11216671930817355,0.08045518917422086,0.08977274443680737,0.08058698389115188,0.07446586605758138,0.07348420514952932,0.12138791759193197,127.8548354528074,0.8571113531523125
67,0.09429452827196211,0.12168357674083845,0.07027167997426008,0.031226839279870484,0.09693723490968968,0.07107051470497161,0.07670864990108194,0.09936023905430974,0.10834867143089773,0.11356696625464296,0.11653109947747531,6.554193698428544,0.24614566709129537,0.08488924850194739,0.12191862045888054,0.0484278661217315,0.10540008648799797,0.1090821277734591,0.07600814058495241,0.06787787942347355,0.12722684380829313,0.04348702339036822,0.08327727604058839,0.13240488740830783,35.06406395176758,0.2317219099830354,0.07739169085746016,0.06238477499160946,0.15419704278050264,0.07318582090789555,0.0717362842446083,0.11014017494557406,0.07093994859583781,0.0567264065339668,0.10482189019274785,0.11148507981538697,0.10699088613441048,158.86675044033976,1.0296658194350257,0.06695222831170233,0.08634374913817448,0.10124308122345664,0.08001227107276308,0.15326382290723026,0.09622998094609163,0.09410122505366607,0.12631924125453642,0.06795518390075857,0.049375121388185415,0.07820409480343508,135.68098398677685,1.0851103766553793
68,0.0712662994972492,0.08617462950234395,0.08397385468176836,0.07897579377303686,0.09288483981294988,0.12234073323455268,0.08582229088590004,0.07889564197352401,0.09230487986013906,0.12503315352901542,0.08232788324952044,7.118817354633151,0.24739862237802335,0.09412419092368772,0.07450607193189028,0.10036389995315216,0.12358731950564156,0.10411382321159886,0.06731541070736068,0.06854974982710581,0.11101492820472585,0.07691267093092591,0.06272224124989147,0.11678969355401969,6.534699789522257,0.26413865791830815,0.09967349983092828,0.048957528261090504,0.11603452485442318,0.06928342236765794,0.06452217071603959,0.11169900151725792,0.08057360423273373,0.11950400385835096,0.11137924335725741,0.08050802097369957,0.09786498003056089,126.64565562200592,1.3058620860009924,0.07533769412523887,0.0978404254393438,0.09132239028751517,0.09616803696468885,0.0987938466299414,0.10191065236077558,0.09537166810696433,0.09374186698589494,0.0805869197336752,0.10140843308713421,0.06751806627882767,49.87446107187879,1.0367841532249862
69,0.11926548052046948,0.09136910749258494,0.12608463750672058,0.07749301973191243,0.12905739514324113,0.09457211540220543,0.059538867327320576,0.0412106921400835,0.09736222114598418,0.07207411491939929,0.09197234867007843,1.261192046094876,0.22537094877886246,0.07797171796722842,0.08196474753448818,0.09204587647556602,0.07918928719228566,0.06672211476733525,0.12346786019416577,0.09666843572920991,0.08713456053450608,0.09127103316482361,0.08966543049987856,0.11389893594051244,1.8198377900018332,0.24042495661818097,0.12944451538382373,0.12485885420973762,0.076300509023343,0.04316151054603045,0.10736919959653353,0.11773465486549173,0.059289359238160456,0.09488188279837528,0.08295607834451972,0.076008902177726,0.08799453381625849,57.2758022062254,0.6108650952046837,0.08216191531078483,0.09567039143103555,0.1445702881703924,0.06776845071752816,0.061561900818791315,0.06773775781974599,0.09135143675208905,0.09473432633712602,0.0710366357871786,0.11357390181078253,0.10983299504454543,112.65114620587819,0.8316710365292636
70,0.08804176312920879,0.09929476205868859,0.091287409643802,0.11382825709230199,0.057923211041877205,0.09071532589204345,0.10888361198268402,0.08040340270817257,0.0874097099753446,0.1018448534116916,0.08036769306418524,2.45335312418486,0.2351031845459465,0.09593947154273885,0.11938745883257092,0.09838540426896843,0.09136619754698795,0.09298157170606491,0.06151338855402914,0.08959371214511931,0.11797526015216415,0.04375763565797297,0.11205143260903716,0.07704846698434628,12.906826294859796,0.30395852155748165,0.06609113518617386,0.06321305822966425,0.07037313439330735,0.10130094867244716,0.07256246531928967,0.10798899877719227,0.0915133855097307,0.08349013597631205,0.16846149132142443,0.08847898879419641,0.08652625782026187,50.37844605971829,0.8586744293378219,0.10469364012606645,0.11555674574326424,0.07809807039894168,0.09284476994707697,0.08976025250944979,0.05989375134797494,0.06073917798482182,0.10541570873538468,0.097081579969769,0.11452057364459385,0.08139572959265659,82.76188764531632,0.989790766951462
71,0.12324822740489703,0.09221223245667741,0.11802454853918565,0.10354192170833502,0.05067716730925879,0.08591709482267473,0.10036379671010441,0.10673297775456037,0.051625265254878976,0.0704785521682659,0.09717821587116182,29.842727699598935,0.23150754119429195,0.09775731929743736,0.06393303179173467,0.09890573643279184,0.0952041607840658,0.06045143740528217,0.06755365149348362,0.12937626846807712,0.13283589429641174,0.09563082160301116,0.0844177296295935,0.07393394879811101,24.438401401541444,0.18851356041626255,0.08792513008910659,0.08889333152962912,0.0933611058830942,0.08745087216050151,0.11144684335405729,0.06274240391049782,0.12384424872927689,0.08579091405029082,0.07704427314066072,0.09107794729334928,0.09042292985953575,71.96000642751325,1.2513878843713282,0.09280054058989828,0.11323290059341655,0.09775322897406752,0.058703588410469874,0.09551182794630474,0.09688367397441272,0.04943982686927243,0.12054671928502474,0.06901794772515456,0.10152537889388906,0.10458436673808956,142.44759041300517,1.1688092737764586
72,0.07654785147492967,0.07777289963457824,0.11687033334052983,0.13095649488717243,0.11241258861467755,0.08023090340756127,0.091249504873812,0.074923988529355,0.08223205995875316,0.11455004234554833,0.042253332933082526,3.746919050288754,0.26831529127612735,0.043859861136377055,0.09483902292078432,0.059944810905788966,0.09980438222523491,0.1042738411077071,0.12429035784288045,0.09047821856361715,0.10914059488465085,0.07422655676241115,0.09546630133223587,0.10367605231831212,2.953447771823082,0.2232331454762194,0.08132077805940814,0.05858260816649922,0.07065015452466153,0.08489613020693158,0.08520718783731829,0.12131010555252879,0.12181890412347172,0.08639266640553729,0.12575239369452462,0.09225853974886855,0.07181053168025035,24.029117253908307,1.0808622146350453,0.08525737821595497,0.1489506119795417,0.07363664846251743,0.10070612454267537,0.05979042894399791,0.07006688313452601,0.11074217498886411,0.08624344868147538,0.10921459747853668,0.054579736044457206,0.10081196752745332,169.85647947853724,0.8873401104447187
73,0.07941966114562916,0.04009881976950258,0.10809648509297724,0.0661942331098964,0.06713162150752804,0.11907158554453194,0.10841959874452513,0.05954548321325576,0.08361188045815578,0.1621150139950513,0.10629561741894662,93.27829494262205,0.18138451186117552,0.11770226045667005,0.09200280803856863,0.07528123621054253,0.059259473218655954,0.0958489816137988,0.08710321624454538,0.05575377576595261,0.1371571865850292,0.1270506118549076,0.07940228491783424,0.07343816509349495,45.1938411554439,0.29197512594081426,0.08665488258827164,0.12625885519179927,0.08030974947762372,0.11573212047280222,0.08794575998762082,0.08880342923623542,0.08459556996751182,0.09380041191808262,0.1056365386805969,0.06226798334402731,0.06799469913542817,102.21024772885421,0.7144122980116979,0.07223854655426255,0.04245752830082248,0.10467999536140238,0.07438037778117242,0.1160416881152761,0.07980051126392897,0.09498939389874132,0.09726195989626446,0.14759622107120116,0.030905036099681208,0.13964874165724694,65.37001543475232,0.7952076067691314
74,0.07767589057333496,0.07170772746077678,0.09738576367486197,0.08314942531644716,0.08625550477169804,0.09778695156198935,0.10419795834739426,0.07666172239740866,0.06698057746559928,0.0976115921131273,0.1405868863173622,3.321472122555273,0.23243284614591694,0.07996108184284147,0.065704056936721,0.0787380128988009,0.0855572099602759,0.10538440907321178,0.09137053717103057,0.0663159453885046,0.11116707894839617,0.13101362101163275,0.08751900865633837,0.09726903811224646,3.772202174667804,0.3425565537973541,0.09404958441270095,0.0668754407838731,0.03959340778886813,0.1316367765920722,0.11010684852449748,0.13387787796131476,0.05428402907102713,0.07262963924790444,0.10762094328413414,0.08693848446771402,0.10238696786589363,16.30160626011332,0.9865911402981892,0.13204490209079214,0.10499193904989042,0.0508918194118911,0.07892207491802192,0.08472586598887012,0.07482299066933974,0.09551082655584053,0.10216888016842833,0.0873242466737189,0.08820201687370254,0.1003944375995043,24.680922050981525,0.9050166625849211
75,0.058325918930906905,0.07655879597346321,0.14560287494489813,0.08710044681752076,0.058827117704563094,0.10177158429697401,0.07363169697499454,0.09777739363078275,0.09317151806469892,0.11619197804048757,0.09104067462071015,7.087550849766085,0.2344694882763653,0.11443921918156358,0.0780394246636755,0.09913532229459293,0.08961826577280625,0.06847589366211082,0.0913241241949797,0.05893781040216869,0.1259014266780573,0.06604097856980372,0.07895473115935081,0.12913280342089067,51.35665327710887,0.26723042520603624,0.15484713843700051,0.07672595609432771,0.05913618457824201,0.0727903593756266,0.059747027032224564,0.09673693516512927,0.08199770821669987,0.1264937795850379,0.11919055537322498,0.060538497735180406,0.09179585840730624,35.165935770626,0.7582447285337942,0.09664617993431936,0.08481927632111019,0.08988834851104348,0.08245563691338625,0.0931254525075111,0.120421087358784,0.0997096836805148,0.11516064612303077,0.08450252829253152,0.08231341222861813,0.05095774812915044,32.543467265054254,0.8801938797453627
76,0.05697876861632123,0.120748393331776,0.11378924992515078,0.11361450835197105,0.08027934996898081,0.08152821162141369,0.050145707489607984,0.06835787575789427,0.09158324142675552,0.08270142616006605,0.1402732673500626,4.369555361882619,0.2613087055666257,0.09465075789143058,0.06171350615555581,0.10102027902379308,0.08857287895293353,0.12530890030837885,0.07260927121410764,0.07917426797374504,0.10716503802726168,0.10387053200371192,0.07252884048530324,0.09338572796377863,5.647755490411,0.27285442616208866,0.09416598470022836,0.08013915489476124,0.0849563261744084,0.06954617123666405,0.11219282664969342,0.08452803976393175,0.11110663833675889,0.07481034453912361,0.07245335524626322,0.10196203656677998,0.11413912189138702,70.26829026583874,0.9428793226853163,0.07102842836205532,0.13729983929902914,0.0975296775618355,0.12544086938113583,0.08914126338757082,0.06940018596806902,0.06268126613597473,0.07133402440398284,0.10548618731492986,0.0846613725051723,0.08599688568024466,82.18830316463274,1.0274087312103948
77,0.11536644932540506,0.10036558915623552,0.0762978160060974,0.1077751652643354,0.057842596205457904,0.1431569176260509,0.05896710937374048,0.08832732281097305,0.08988356529732722,0.06371580646583892,0.09830166246853811,7.822086103897476,0.30036013228664593,0.08060774028587321,0.10611527662861549,0.10950365965074489,0.09474571548144195,0.06308953619092818,0.13522540410674133,0.10866655756550876,0.06005501128557219,0.07253197456429444,0.033625839265595606,0.13583328497468397,4.334557887699727,0.22801969169455552,0.10368123997192473,0.08620840544785406,0.09086312768299447,0.12039609118151688,0.10755739505677227,0.05049719706732162,0.10893058367601009,0.08891961078162154,0.05554676745855982,0.11342168387335143,0.07397789780207321,97.47172027049244,0.5190629069621394,0.12264311458524031,0.060396536640074334,0.07388824025195982,0.08446178467319355,0.11687573211257195,0.07866074255516191,0.07717180939748415,0.09571861994883389,0.08248139181224191,0.07459629977765452,0.13310572824558367,94.92060307859448,1.0209003389171472
78,0.07368068624472172,0.07463855039700261,0.08814946048159199,0.11596085113965136,0.09306563789509652,0.06658820744639182,0.09463852394394824,0.10553768070320797,0.11321461212927762,0.10005863677808462,0.07446715284102558,5.62583482510091,0.37635219812861037,0.08985339872279402,0.08131514104611169,0.11161711391387029,0.14573902613376188,0.11262270802965656,0.11933090684776508,0.05949435786417027,0.06793611852345863,0.0804109903485052,0.0694838304978209,0.06219640807208545,5.66393923928707,0.46210415923934595,0.11056233485765316,0.059052458894951636,0.0513581956220022,0.07325045979141312,0.07666541510179116,0.07541262535711064,0.10155524691970384,0.11574994270311695,0.13318051979846285,0.07947351572869636,0.1237392852250981,12.71866160795168,0.6853124668105419,0.07766262473275394,0.08805550004196583,0.09962406616171539,0.11964461299808903,0.09429303369981056,0.07796110177419872,0.10543393775515925,0.1043476148241574,0.060133506574777645,0.07213583899078978,0.10070816244658243,19.732138247847605,0.9706720082772784
79,0.08222218283195117,0.1038749708496134,0.13029933678180564,0.15488084468531563,0.06918595477539796,0.09932563650246624,0.07219774320437888,0.09872216608694827,0.05199221426266082,0.07806163060428375,0.059237319415178284,58.06096237303353,0.16400371872518413,0.17706140492522407,0.08141446202175827,0.08336905172224653,0.07080071324400188,0.0709774248963065,0.08462519195297354,0.0630947088078102,0.08988378493057736,0.08146233513433364,0.12104685334128858,0.07626406902347942,49.1139830749926,0.21173608889207066,0.0651473990748643,0.0937813258565835,0.08861190580413912,0.11011709335513699,0.10951666208832801,0.09051340276906168,0.078976478728857,0.06991326636260842,0.07057948828519285,0.10536791455273675,0.11747506312249134,96.24217915008057,0.5252346177029342,0.14846898865249278,0.07680539617831028,0.0831742594484065,0.07206083187352495,0.08194483523326322,0.1399882528374642,0.07293349029739027,0.06255927475270819,0.09209618961846781,0.07100308989166203,0.09896539121630978,10.481155938146513,0.7550704647172425
80,0.1074251226810603,0.07388092570470343,0.06273995806603651,0.08583547862033604,0.09604884187936591,0.06468937983288943,0.0996886698510648,0.09477328079139702,0.07620275593007546,0.0995160708224357,0.13919951582063542,33.78778726578261,0.14498857644461202,0.10096570158589524,0.11515700268969502,0.06450592027148361,0.11569857154002106,0.12383734574672882,0.07991090932877834,0.056476193300985134,0.09767464707285557,0.08910796087747729,0.10625031001350803,0.05041543757257194,47.730992055865336,0.20540816832352968,0.11354422911819313,0.07863968238303544,0.08150707445716958,0.10159107379059855,0.13373861836174158,0.05243829791977292,0.10485044075133594,0.06664312026366308,0.088636147926054,0.074840939066414,0.1035703759620218,130.21264695024476,0.7140726297678901,0.1231071100589628,0.07844922916100887,0.11484701872616425,0.07529795394696631,0.06945252406901752,0.09397671394733152,0.10655097426097049,0.07638307295456685,0.08851257304099742,0.11387922407609485,0.05954360575791909,43.98768559156478,0.963365046123223
81,0.05582183032855038,0.09234316467104801,0.09987193352252122,0.12396682465112707,0.08062171805526695,0.06075910485186246,0.06436729546033865,0.13422435319289197,0.06541478057109272,0.12686665975408665,0.09574233494121387,10.161845050329804,0.35004138120234257,0.0734320819975429,0.0905681667062717,0.13363023630201995,0.05591449947442137,0.06269485416193839,0.08859846570749579,0.0812576939552268,0.10791998211883795,0.0770299211927055,0.11794665924861629,0.11100743913492332,15.990109503630075,0.530590984719593,0.045436261554575245,0.06659272986491366,0.12136858059711823,0.09164058673416675,0.12027535795046834,0.07821607121964219,0.08504977202234067,0.13096039425109215,0.09865094873197616,0.09406249894041067,0.06774679813329595,95.56044144719603,1.1035566141957542,0.10494575788975709,0.12082752286633554,0.09945617179938772,0.09321109344041816,0.06284285420115364,0.11236223997782657,0.09665083759759731,0.08626665802840096,0.10730019884155613,0.0840355866092329,0.0321010787483339,159.19470487154274,1.3359608449259956
82,0.09458612713525257,0.06534847322734089,0.09933242058201108,0.08124365364179587,0.07833527612264508,0.11853684030451782,0.08739389714756773,0.08019402049021657,0.06536599625367559,0.09838288739015943,0.13128040770481744,26.218589007600073,0.2685906161474067,0.08127789512983156,0.07009225399257582,0.0932387080645055,0.10992188321742584,0.12970752830071083,0.07162645497988679,0.10115833274371101,0.07969115487660951,0.062007091466930474,0.09261015553723832,0.10866854169057431,12.026765859852995,0.29216907236144063,0.0746184138466499,0.09389641696808744,0.09251597488162984,0.06209240851839449,0.11634510611227951,0.1179481889595047,0.10873451038599412,0.09126161610677268,0.08255427536283859,0.06034303438171107,0.0996900544761377,130.8302852469759,0.809921530604603,0.08466224608646666,0.09500740056161594,0.07138599207394326,0.09853916424366754,0.12814028374073336,0.02909539038226951,0.11589948440317081,0.07756025140108626,0.11615328236578809,0.09283141197074739,0.09072509277051122,84.30623931157108,1.0672919237823904
83,0.09480327688130996,0.05406309688518208,0.07165422885059033,0.09535679804167158,0.06701781854357876,0.13261019729902848,0.08063836233618699,0.09708195571214952,0.10776900785668593,0.09961394224084717,0.09939131535276909,13.522578789892924,0.22684866484222269,0.09895393057186792,0.05833078600097578,0.07477009911801748,0.06629694444489213,0.04101610398890482,0.09189069769263501,0.10139781787265055,0.13943949966738414,0.09558914243851137,0.11673224736070804,0.11558273084345273,38.096904200319784,0.23752416229809792,0.08174284433166341,0.08565655272290029,0.11795102554592778,0.0827470375585042,0.08413391014256906,0.08522799885962723,0.09205727170859053,0.09892744190753346,0.06755932032584486,0.08015265992746566,0.12384393696937357,15.273399855277134,0.621252654817583,0.09189198272144665,0.056121580539670694,0.08788747495539186,0.08135098696684284,0.05812974203315315,0.12630932623139876,0.11953816210725306,0.13133581077901282,0.05430336919063572,0.07067543576983262,0.12245612870536175,42.79143975382707,0.899277717491546
84,0.06884745880059062,0.10211542562844118,0.08826119576593237,0.11773875518084244,0.05137238529452128,0.09738180332986708,0.08529469571918218,0.12387537399400822,0.0750398876184766,0.09074758668961669,0.09932543197852135,2.3722516475653914,0.2177820295655574,0.08975422911988129,0.06815319926780372,0.08588626888654298,0.11864719139564028,0.13305169575156697,0.06955509196045935,0.061088457753962884,0.09180053021695807,0.10253058062988767,0.1122596294205106,0.06727312559678628,1.6659474750929075,0.32587602652039455,0.03924435833054488,0.1009430592545724,0.08946366268062515,0.084469498743385,0.12011032481891049,0.07577052826018613,0.15386372787838196,0.07565262371828287,0.0659094902767397,0.0894738896633987,0.10509883637497273,67.37000324591774,0.9673059546634336,0.10530615370070744,0.075373147939027,0.06258617118908415,0.09595582777480212,0.12640518003512194,0.06528105595993533,0.1411650901971141,0.06846080377655263,0.10668813845025893,0.07425737989483087,0.07852105108256546,170.0293080964946,1.5267257113751433
85,0.09077625753521663,0.1031798575608377,0.09217262376246443,0.10119505211995856,0.09136704251265793,0.10021366046332092,0.05317529711247649,0.10240919398938768,0.06617173654165937,0.09631578321437197,0.10302349518764836,89.57507277308262,0.4816734133075578,0.07825596716234402,0.11061773089359139,0.15254000495276934,0.09087434942545297,0.0876979521709821,0.08036925876932734,0.09124049033645544,0.08844055210926026,0.07912553723986869,0.06732401313261814,0.07351414380733029,65.8342668570582,0.6959715077096037,0.06842574379291298,0.09549547631834605,0.11863344219603389,0.05229926019346923,0.0987796650758687,0.10385638594727847,0.06959241547659734,0.10237129422214253,0.0841191614095555,0.1303185718154063,0.07610858355238904,149.1671831858124,1.329774731964765,0.07851079256243787,0.07971864992755259,0.12273420419459125,0.06344010232137265,0.06795972618053271,0.07176377214746103,0.10413522550395256,0.09666701427655962,0.08939058241479673,0.09110313774459089,0.13457679272615208,165.19277015095722,2.1097041806087304
86,0.0742601130262542,0.07631245735067783,0.0910313637465882,0.1199255111073193,0.06780098525712683,0.10069214517375273,0.08993656451097559,0.09264115590889539,0.09134028893544444,0.10792407574340297,0.08813533923956257,7.382794185249916,0.20285671448037332,0.09925162095876507,0.13188581450488293,0.09977736569942579,0.0731556837580124,0.08742141364378236,0.096616695047342,0.09893367027549442,0.10954920899600436,0.06471409658197125,0.0644219016400072,0.07427252889431228,4.899946799002963,0.19061441083629246,0.0,0.0,0.0,0.0,0.0,0.0,0.0,0.0,0.0,0.0,0.0,0.0,0.0,0.0,0.0,0.0,0.0,0.0,0.0,0.0,0.0,0.0,0.0,0.0,0.0,0.0
87,0.079118419159457,0.04034736712636601,0.10507558728672133,0.06859591333741057,0.07915834605090948,0.1110663422331477,0.1256669941862959,0.0766632012834786,0.09827896368705968,0.09386857242820779,0.12216029322094595,6.7449753376352035,0.16386662055322512,0.09401337747769119,0.07602288142186894,0.12214424681732643,0.09450434423282193,0.048904384365242526,0.13624115724506308,0.03842088078116126,0.1194287943870725,0.07804667549766035,0.08163933664470552,0.11063392112938623,128.9971484103143,0.694051036152734,0.09183039239909878,0.15309327758482924,0.06934999626427733,0.07284370246664028,0.09066223877734718,0.10166068704382047,0.06333971603551018,0.09631440038855717,0.06272349832346669,0.09884604554945446,0.09933604516699823,36.13466673142925,1.3570663725900902,0.0774869751077616,0.102222231805403,0.10138744115887248,0.10838410971492712,0.04199981110284509,0.14298382635281104,0.07017412767262922,0.08134965891792754,0.09839197331915328,0.07778280196559251,0.09783704288207706,27.095603079663004,0.9981824326940032
88,0.05813973950750486,0.1112329492352087,0.09196162459657149,0.13246202662377896,0.06913833730002984,0.0833698184741082,0.0873464014064348,0.10083696927642183,0.06744499176367189,0.09503490046063867,0.10303224135563077,53.070727832683396,0.2094013473270965,0.08523649821639023,0.09181826139205222,0.14972704622514352,0.11668712562441992,0.10048257447314428,0.05535392251469893,0.056184317584087824,0.08301732552903025,0.08999312023149142,0.10555602123022728,0.06594378697931413,56.61036361251387,0.20628947386247684,0.08963242105089443,0.09833880382982646,0.11456882571764544,0.08398629055126167,0.0768153838251153,0.09783520952599457,0.06815069564800215,0.10979962175778045,0.07580576013516864,0.10183690412079856,0.08323008383751239,123.13847341355647,0.6579546475273929,0.09038000811915962,0.10226575937909653,0.08887963124835492,0.09584840876342511,0.08473437232141372,0.09260850882046585,0.11433393377581717,0.07985432869394325,0.09824122933313802,0.10602950161613484,0.04682431792905101,92.22520503944627,0.6280120756193474
89,0.10497719913499515,0.09909154804646408,0.09286426439131341,0.054047219122516844,0.08582737957847592,0.064843489460308,0.07244112170895968,0.1472884008562179,0.09770396227692502,0.10428231839239462,0.07663309703142941,1.3420142396610604,0.1995933702664968,0.12069467923910508,0.08013697383718404,0.07608606335844455,0.1213609443685581,0.11320778577922525,0.08388318267920157,0.053529220598322026,0.10579649671797094,0.09646875513752451,0.06745423495899773,0.08138166332546624,1.797550271568655,0.18872655143809744,0.0695789638584052,0.09084435378970036,0.038401192897559756,0.09448134945175174,0.09796746893125345,0.06730421539544369,0.10638279297431312,0.10620074078565699,0.12177894443869615,0.08776475538604321,0.11929522209117638,77.03736099760384,0.5883986080391468,0.08109864607994871,0.0873239721804317,0.07800723346730996,0.08064453878338998,0.09321385477636823,0.13402512280747525,0.09247233006496587,0.08722264939588131,0.12109850035541704,0.10237364807581269,0.0425195040129992,38.97202373298173,0.641920338031239
90,0.07766682640174678,0.07828893059408834,0.08086092211341445,0.08530402891984111,0.08932240087425124,0.10548435520568604,0.05610347751297684,0.12352369683227561,0.08694913059262495,0.09344416297936309,0.12305206797373158,7.0610992141285225,0.17273527336250916,0.08651541083641641,0.1110425286767789,0.06516986472348103,0.09426334258076809,0.08073804707909289,0.13049908361879983,0.08393263522865074,0.059641535352539694,0.10722036529015806,0.07194929862719004,0.10902788798612424,2.6788363921957283,0.2918302878399242,0.147576434244467,0.08137223081154273,0.12972601611567947,0.09831253568658754,0.08782816118175467,0.07714329123503401,0.08373069398391979,0.06354826494279305,0.1096109551166995,0.0747593975181612,0.04639201916336102,12.261040125350315,0.4396086104031847,0.037087766045061483,0.0907976677004058,0.12641244518082895,0.10412354570486144,0.09517185419132718,0.096367600547758,0.10971612943894031,0.1051724516273015,0.06362667570646226,0.0692438268617996,0.1022800369952534,29.649407989475407,0.7304826269864839
91,0.061740210983802946,0.07810084214615952,0.11367463186983547,0.08134112978942522,0.06555413815747455,0.04479996806041192,0.07678064343500236,0.15482305715119113,0.07540867142163082,0.13291341990892883,0.11486328707613731,1.9845919024428074,0.17144647401568572,0.08569212649811149,0.10177467404717337,0.10040218980780276,0.08884537965075474,0.07419184727934038,0.0890626539218532,0.10258499774423308,0.09847727002588835,0.05865010866085565,0.11667063975813495,0.08364811260585205,1.840969475467409,0.23045926699969124,0.09148677219159444,0.08477980513667832,0.07776921417918513,0.12628269844883647,0.10182180132072365,0.08886554496677122,0.07563486583724029,0.08171232570434635,0.08752022226400959,0.1438662048498606,0.04026054510075388,124.57470101442054,0.439911604357979,0.05371697309503056,0.10294194295276626,0.05812985372356779,0.08933396182040258,0.09778659829956082,0.11089465781424877,0.12681341031758978,0.12406356110086296,0.09623575063692479,0.05970572366665427,0.08037756657239152,131.29525029494587,0.6538551486217352
92,0.10370716085140368,0.09790711194875805,0.11526703351830773,0.11606886292123357,0.08653115628745846,0.08747896535442905,0.06171969571165847,0.10733339364669191,0.09755262346125394,0.05940502354095837,0.06702897275784674,45.574842441000506,0.48075702895092354,0.051457951667397916,0.15508422921408296,0.12638911128653982,0.06524865590731282,0.1018783143989807,0.07866165556129305,0.08039179728921025,0.09689567595610465,0.06002411510144622,0.08076542443323077,0.10320306918440074,156.86800831764302,0.6599160848137933,0.11453453207281382,0.06511359822219924,0.0807800631668437,0.09451891325652201,0.06214269624228284,0.09650399858083271,0.08713042429428663,0.1151563201504624,0.09219459892711096,0.09193349782555926,0.09999135726108643,171.64562930863917,1.3553922798025588,0.07772395604737377,0.045329728584770475,0.09743291770474598,0.10523624543332193,0.0870079611308097,0.06490139632882058,0.13055342501400638,0.10510033420461862,0.101991519286807,0.07925095027248635,0.10547156599223924,144.4489249221649,1.6885014267388236
93,0.07623917285951837,0.09478033453349176,0.06644001486254225,0.07667896483149406,0.10251370873255583,0.09394045980449893,0.08820194300770345,0.11291634650847353,0.10166534928216155,0.05677789935880309,0.12984580621875724,28.571272985590408,0.2776176605675145,0.10463790238691743,0.10794795354460533,0.09507129788747239,0.08660841284679373,0.0743784063124371,0.07851707696544385,0.09526771013627827,0.08873123961486555,0.08543355660552306,0.09055282388759289,0.09285361981207042,5.048049906602215,0.28572595986975047,0.08658955646010315,0.051923057141018324,0.11472037464869812,0.10799406755220559,0.071842636761064,0.11671955152286922,0.05916413101770405,0.09894128454542124,0.08128556594812572,0.10190374781268853,0.10891602659010209,122.11915706858582,0.9164296311056885,0.05250144724222292,0.08280436300413267,0.1182500907375043,0.05926995094333561,0.11503143550922795,0.0998803244030816,0.10339939618985632,0.061393805433970716,0.1320361998487413,0.0451300877059978,0.1303028989819288,136.68618515884302,1.6926896705474765
94,0.11600096222384541,0.062028769460746536,0.10396156586547269,0.06278954659065407,0.07398284184744859,0.06914705935188298,0.11446802375389868,0.10702047301082805,0.07339931645056896,0.1114149543999295,0.10578648704472461,4.817744108528949,0.1952500549372818,0.1274445342681693,0.11606553669506259,0.09456892581479794,0.07269706333812521,0.057127451029439884,0.12232900340429571,0.06403412944137003,0.09920170238552073,0.05982754149943419,0.10811995674440061,0.07858415537938383,28.26914545367245,0.19354364421390932,0.12417224213324368,0.12114205252370987,0.05835388969736429,0.10051013022333218,0.06384574250048497,0.11100466773514593,0.09192324074613838,0.09675796802712983,0.08018990554283408,0.0966441288863254,0.05545603198429141,154.85190722180974,1.5709849106468985,0.1018637857853296,0.10936080542991518,0.10762135581970587,0.08026422196857363,0.06489065409662069,0.10142396968013952,0.08125390067329445,0.08309146123370739,0.05556200184714343,0.1535495794851123,0.06111826398045787,174.86994714328807,1.006660792381558
95,0.08357520063966241,0.12176494732594689,0.09238385315349788,0.10046467490698512,0.08451566704535486,0.10338017240958508,0.07444526658964713,0.09775267259880781,0.12201209326008866,0.04272802290439876,0.07697742916602539,8.163462718830138,0.1547591734450515,0.07218448329766194,0.08199678768254974,0.11831592313088264,0.10045532153769095,0.036060407048715715,0.09161203617475777,0.10293537117423235,0.09987740149415976,0.06382390977287744,0.13759568644763298,0.09514267223883881,4.073334976645334,0.2259635720169698,0.09829463889869595,0.12310703268656793,0.09978739375940321,0.10418316669179029,0.08231880245433129,0.05119023401717889,0.06727068740332999,0.12498393322712072,0.05263832373154423,0.10745658023059605,0.0887692068994415,132.5517967626948,0.8597321391927789,0.10271042721956386,0.06404305174568718,0.10922652777051678,0.09870635591377931,0.08252894228636304,0.10762151856343606,0.047902533215496,0.1074982829579673,0.09105693855433274,0.06726072139485231,0.12144470037800548,132.37979193344378,0.8347723344101367
96,0.1199048039270023,0.06985861902761824,0.08129879882576381,0.11577362348471563,0.05209094555609552,0.12903701812705046,0.0866759963810193,0.07527297569488278,0.06645263113110438,0.11137681780127973,0.09225777004346795,86.81470888190468,0.3523931887022942,0.04166697653913067,0.059770364229968655,0.06935145566806766,0.0649920221401913,0.0805714434512234,0.03334991915709026,0.06629888854345814,0.038811811532237776,0.02776332947392626,0.3946195821856719,0.12280420707903407,80.93154632192632,0.17074565378199205,0.07870798222564634,0.11547422291818606,0.06232719118209604,0.10024913631569643,0.1320062299756149,0.061244589982549745,0.1039984497815963,0.12651382358967525,0.08878738552546711,0.036627595255846405,0.09406339324762537,168.11080003134217,0.9191546925997365,0.07815557717063915,0.09482063550423293,0.07120513301874265,0.08175214361448958,0.08812305345338466,0.13127134530617268,0.11780576273480274,0.12457438717691222,0.09539758184386116,0.06119403489843348,0.05570034527832864,151.7465699557359,0.9453734856413085
97,0.1287432736382979,0.07076478625046442,0.11376160832114979,0.13066181940816415,0.023273746245003623,0.08433234847667377,0.09582234119660109,0.1415345743454883,0.061272658151177904,0.10902282229994437,0.04081002166703455,30.464746963536204,0.13637196501211893,0.09920027886099429,0.07878423234811109,0.0529073637028358,0.10863437226499811,0.08014122701825706,0.07931105428127373,0.13009787309781598,0.10143713442970904,0.08671683730887259,0.10463092369428266,0.07813870299284961,40.98922845648477,0.1409108282393097,0.11534045449146689,0.12391630110958811,0.08261941504799726,0.12328482400661024,0.09466117741142772,0.09400551128071948,0.03990676018679191,0.04349973255639778,0.09624877035098894,0.1292580354044549,0.057259018153556766,109.30442221212049,0.3482933117040541,0.09686800728844212,0.14897440879609805,0.10388079972720109,0.08026257866640717,0.07492582847646101,0.051782827006887557,0.06097901306875856,0.09476720256472708,0.06677918415385571,0.09627543630296914,0.12450471394819257,124.06567491485082,0.622341359012696
98,0.08751636084650515,0.08170082214876614,0.07670452826652137,0.08731396501550785,0.06200409068498952,0.08468789799598021,0.0911773608439614,0.07889074689092163,0.08886370735232736,0.12956479681967262,0.1315757231348467,41.596371313434496,0.3064027900270449,0.09165075102224336,0.08662480239389213,0.07072904500043235,0.09420017491089248,0.08795334044605703,0.09819211222300588,0.13615105990041707,0.08355422782315385,0.07414837420894543,0.08967426103178346,0.08712185103917695,9.252517019413327,0.3079480021404781,0.0923137271521034,0.11077500341370543,0.09779397678795045,0.08995399394550224,0.11121321322041322,0.07914686212034633,0.06949853197332424,0.10023399205725177,0.08165082520371408,0.09785638272105039,0.06956349140463854,111.48506787706204,0.8517279660572973,0.07740815734758845,0.11613652265038589,0.12415661726901261,0.09147641998289639,0.10323431754803196,0.07788885860119289,0.0658082859735961,0.0899278951689348,0.063941659063056,0.05462942865773226,0.13539183773757277,144.4857614869953,0.8725306305492476
99,0.12088767462008883,0.05710946439549331,0.13068516905194727,0.06200317118086059,0.08761785203002993,0.11025990181982159,0.09403821201989178,0.08929586400669849,0.06554849064010732,0.09293991792509275,0.08961428230996817,3.8406890765341353,0.1945044330610711,0.1187380121322155,0.11598887922330975,0.1068163106341105,0.08794402512516535,0.05852203874654744,0.08589701864056909,0.10082960889568206,0.08584202309543752,0.060376549698644026,0.07561742178053543,0.1034281120277834,3.9561059333678177,0.22800429282975362,0.10883750365302736,0.08029666488342685,0.13823319426968608,0.0784099300144523,0.11616196397275684,0.06955166570651454,0.09533265017401478,0.06737099124589323,0.07643028392345952,0.06840501644636963,0.10097013571039885,91.22613939008392,0.5478002966544985,0.05742074121524998,0.06791140088327224,0.05862880068992848,0.08742664938718248,0.0945753987115512,0.09287347129467266,0.11375869304360353,0.10422743436762615,0.10581187483749144,0.10871219480199958,0.10865334076742227,43.509237237187506,0.631902389197859
100,0.07734323997232839,0.08470887536564886,0.05090385074434852,0.0951197549086284,0.11059285530180248,0.09111051042137991,0.10770610154589982,0.06603641253997368,0.12111147820014874,0.06655166012339662,0.1288152608764445,84.69425232520524,0.28252691511835976,0.11801751020963812,0.0840079261145737,0.09422768438018682,0.036832377656612424,0.0575523429868564,0.08753306098527575,0.09770863370128123,0.12704343990821393,0.08556315828838867,0.12339355888289542,0.08812030688607775,88.26084549573928,0.30034128224812195,0.029570933641296534,0.10199205822402135,0.07379071591322671,0.09029888988803213,0.12485036765883968,0.06539894127432437,0.10582946431096135,0.1150687271773455,0.08682701769274408,0.07930856538263524,0.12706431883657313,102.29215676085313,0.6296259183254157,0.08593899438535853,0.09991368919996894,0.10488165992232283,0.09019058939574649,0.10465549133988723,0.0789759424504346,0.06481754974460986,0.10599552526568644,0.08231321616594835,0.11084728455465909,0.07147005757537764,138.8588306681177,0.6960479207716531
101,0.09443510347918303,0.07121657101543871,0.0618160036461241,0.05451200657772289,0.07334809309372213,0.10739399643590392,0.10351152333856989,0.11830785176104448,0.1394244215737734,0.06534948541818807,0.11068494366032937,54.492529983160495,0.15935746290834665,0.08516001669225155,0.05265268227392813,0.06695560451310524,0.10080952999395947,0.08659484969417801,0.08125970094904644,0.11221401800248404,0.1394354797206919,0.12862013813969822,0.07803586311350738,0.06826211690714964,53.39368216823808,0.20434722582514078,0.0878894456993405,0.08502293030191688,0.06777027122915451,0.10076971949233533,0.10757158753420669,0.08176016688121789,0.09660685486431882,0.0969243450895993,0.09581712983889641,0.0772878434141843,0.10257970565482936,100.83261355031537,0.4824565676070163,0.05655999891507016,0.08687254295613385,0.08231194436395517,0.09767172447631534,0.10124642777093151,0.07164340111930302,0.06086445103798666,0.11929111095937346,0.12395054106035423,0.11664221691486198,0.08294564042571469,156.56624119630484,0.825704842283075
102,0.10207933493869596,0.08506869275916505,0.08493654894455856,0.08784169264194523,0.12102660931766927,0.12289406312788205,0.06584820724728964,0.09645655799281234,0.09718386524708776,0.0694306147999793,0.06723381298291488,7.778620607590746,0.39420928919244447,0.09253796513892266,0.04546376906847727,0.09826662897238014,0.11791648594239351,0.05169095381276299,0.1175298597885953,0.09859787773234885,0.1116001290019421,0.10349151988321936,0.06985261756833665,0.09305219309062113,8.781132100765555,0.33910136940774854,0.07866222023687736,0.08697816520945616,0.10941507537470535,0.08780209352543823,0.07839981145868234,0.15582869154009168,0.08892464770213138,0.08683519930829857,0.05856738555884048,0.09665198086612765,0.0719347292193508,148.90433784842284,1.1369166553285301,0.059885657297784035,0.07840892995239657,0.08840757466909016,0.09183943183842817,0.08986078809236092,0.14758946010821727,0.11214566334292515,0.06579165680821601,0.09747124923443491,0.10324903244903082,0.06535055620711593,171.40866987864047,0.9589611045138646
103,0.11150857021751522,0.0966806353272008,0.08961254841734378,0.10897192075918656,0.06938093331326656,0.09228652469452248,0.07416950430826467,0.08699033443044418,0.07604931446988134,0.09544742070164118,0.09890229336073325,5.8427400346653515,0.3218116229151448,0.09384421793955239,0.05599475949463225,0.08506345848773016,0.05428345533451917,0.06511848511525882,0.1437320997571264,0.10994004528751632,0.11589752318522169,0.1050278030465998,0.08025828819783039,0.09083986415401275,9.784570293383014,0.28639220764227463,0.10599832960267934,0.09757250231829344,0.09442046035138739,0.08751979823106194,0.08906420313884032,0.10914972615042091,0.0899598801618612,0.1132201861581086,0.07688712001698556,0.06444719398137326,0.07176059988898806,131.85788448417324,1.0888118968362173,0.1060950300760984,0.10965170391978792,0.12681487810803524,0.04304112677397435,0.05665195244446053,0.0586833692138333,0.09437851479790342,0.10876855829199188,0.0791215721051578,0.11870894003128894,0.09808435423746827,118.78027252939323,1.12955294064125
104,0.09322515924632531,0.05494263259681046,0.0893801181408379,0.1059163980699475,0.08717479036104019,0.10185558491123016,0.0681141613846828,0.10516585816097945,0.08775042872322524,0.10936620708728857,0.09710866131763252,2.472500521209026,0.28987019857577917,0.09933928836059482,0.09248676070668717,0.08233632406001216,0.09368735906112302,0.07213265694858723,0.13369943916674434,0.0698588841107994,0.08936611470257387,0.06221105236917298,0.09782751179700101,0.10705460871670412,18.400677237486075,0.6555823338614268,0.090436619465757,0.1043433629412228,0.11181132525202049,0.054097605325529374,0.09718864307854459,0.08034676850255155,0.09970414942023904,0.0815013032347165,0.10577064774497498,0.0818689512571798,0.09293062377726387,144.9804222803362,0.8821187335231295,0.07560199637465304,0.09493739401757913,0.10293816702198184,0.08740508360187926,0.09251579910815956,0.053291812156978896,0.08535547857042507,0.1020282681711563,0.09299366047228273,0.11310613722770356,0.09982620327720064,106.91523607810865,0.9313973228451241
105,0.07731933834318482,0.1110792253225316,0.08838147437848441,0.08319375767532515,0.07308578171082274,0.09211163290505882,0.09847356154031169,0.11435604205752965,0.061444751326574155,0.08151189258506684,0.11904254215511008,3.990646492284277,0.2451181780593745,0.09588414320809546,0.1170937190805336,0.09317895141705794,0.09298011244932673,0.07423928840169258,0.0852057042662654,0.09256331920926097,0.10163335617768754,0.08045244461815974,0.12039019880410047,0.04637876236781954,12.1161767920565,0.4020457441127121,0.09113870439781734,0.0966516951671151,0.10274583920890805,0.0897651793337393,0.06819159575408065,0.07621529852846078,0.08445272453167994,0.1370713489612491,0.059556148604902985,0.11446447589535151,0.07974698961669524,132.53074806708557,1.1020984424734035,0.11625706853922824,0.07359098235211275,0.0951612071259315,0.12037089146128215,0.09718666276484111,0.08355027815508342,0.07070460408557923,0.07854076343949944,0.07727112448814112,0.08884119520688866,0.09852522238141236,120.86216198718618,1.0348016689577202
106,0.11987134067616101,0.09622320195225202,0.09077463859313788,0.08069803786323414,0.08631482272504748,0.10691166289952973,0.06261552616513595,0.09498428904720639,0.09003525703811238,0.07040092791896817,0.10117029512121485,69.76013091871057,0.229530056481437,0.11551393814995947,0.10325770538960288,0.06622948282669057,0.0990689888998366,0.11400745678666331,0.0511144783810343,0.13298434738762185,0.08049894834588976,0.06380713086448403,0.06639775897860101,0.1071197639896162,4.499173469865455,0.17691324589755875,0.13631098325091104,0.11724479751933659,0.06013666098510645,0.11568086622709217,0.06661975082979217,0.06800917357103388,0.056684769825519316,0.09145617932221939,0.10683996819724284,0.07441408504091003,0.10660276523083612,166.47338467375076,0.9473026776105633,0.0842918526821818,0.10937563109356911,0.12423496845779493,0.11628960176963897,0.07902101155372959,0.08510641856771367,0.07668123343561546,0.09033318802152812,0.053500708883753446,0.06882276651313851,0.11234261902133642,119.85082990169201,0.9688185102600153
107,0.0921621312257428,0.11560674633605117,0.06291129143002333,0.12518933290105405,0.06855926837701001,0.08907279777691222,0.10037801474894444,0.05828243057764229,0.1019225095101795,0.07343426525088849,0.1124812118655517,21.791111761108564,0.19282095581922776,0.07790897745288006,0.1066882651352578,0.10344855820907169,0.08859873595114325,0.06282074576562849,0.09011002241757234,0.07245265089382584,0.08646179036784328,0.11405552408705573,0.09139393391525207,0.10606079580446932,1.858725353374819,0.239029538507909,0.10991286999337706,0.0849787113130291,0.08948149158606644,0.09192236855309054,0.08917220733330693,0.09511944165852308,0.09276725757417671,0.11771778487117061,0.08345334413981614,0.08232828354298881,0.06314623943445455,94.10981326218251,0.7031139111571281,0.07918745506636247,0.09174660630704996,0.11411400237842208,0.10551249190900669,0.05618173407191605,0.08034134606791914,0.09790100854493415,0.1413449787779322,0.07236251399146802,0.09956286009549313,0.06174500278949619,134.06154801301372,1.2586747892834145
108,0.0978551041346112,0.11024493083564035,0.08663432132205484,0.05457077789796325,0.03231532020870717,0.09690487221670041,0.10468363065583901,0.10906451409226814,0.07124201419828792,0.08724233511583125,0.14924217932209646,6.764749979383232,0.2336704707829027,0.10537916107267707,0.06520809409639346,0.1040680474812165,0.048277751712612116,0.06113619539341303,0.12327494015768731,0.11658205610169874,0.08352408124669812,0.09672549006530988,0.0967266696105807,0.09909751306171304,12.54647670458546,0.24720025326939854,0.07396637829249948,0.13523729391583295,0.11209133586781812,0.07480331545969032,0.10602090372425482,0.09334308822314506,0.09965717639458882,0.07712141556803837,0.09522265437869659,0.05291108887395588,0.07962534930147967,15.34272454340604,0.8392676104792353,0.07136918205152787,0.12612882111967993,0.11157674615337941,0.08433067434640591,0.03507498446663322,0.08987915727298341,0.10200915594218567,0.13848241839702044,0.06650700074303653,0.07919469254038607,0.09544716696676152,11.664362364319722,0.965816516714539
109,0.13122442907087314,0.07932283657617917,0.13147890524348832,0.04824715387470115,0.050863014468813174,0.08805972012603758,0.07121723314188817,0.06394278110901791,0.1180460734132822,0.10554272181769564,0.11205513115802358,1.7471835743388706,0.10681789713995538,0.08956631473623701,0.06301594567216,0.08793182542504552,0.13443997276136377,0.03700476256642007,0.09025876874420151,0.07041861703999487,0.09769310308169173,0.14704217307789047,0.07658705771364317,0.106041459181352,1.5857931428624468,0.12640277773797615,0.06734390593471698,0.11539290265761859,0.08064052392299847,0.0630900477480552,0.09948000099015919,0.05018042881254886,0.10670402413118237,0.07904140342341463,0.11200724189932783,0.08013705964917671,0.14598246083080121,33.322428201967774,0.8071078248024399,0.11710262270547385,0.11834203391597205,0.06135882343526614,0.0671963180200033,0.0600819377158806,0.08035046877725457,0.08856847386338301,0.12735265911034194,0.06364013015899705,0.1339674890327486,0.08203904326467888,141.87673208034425,0.6592957141625547
110,0.12747991079339438,0.13270715605593517,0.07512201608299104,0.07310486237450228,0.10293064853429394,0.10652903115015144,0.06241372795925821,0.06427571936383954,0.10317023000744775,0.07173602988097683,0.08053066779720934,58.17032255312364,0.19184652035189567,0.08608217094702508,0.1242598435407783,0.07471809656882385,0.0880242194286991,0.08517764084233054,0.0866895697457401,0.09874292018818305,0.11067798637027519,0.0655794154089437,0.06144166404427836,0.11860647291492273,3.567239882365208,0.3827010363939844,0.11994632020468228,0.09219586741415432,0.09224421764423263,0.07579147861216816,0.07553517331812033,0.10116354168505352,0.09497405574304281,0.11880017458252361,0.05822113347421067,0.05341710889497545,0.11771092842683621,12.425594503037686,0.6612837472937118,0.08366695085054894,0.07539083915092733,0.11698381067398382,0.1191011349455308,0.08119605831691823,0.09198885704905768,0.05668492752265212,0.06641407853153085,0.08827944261106056,0.14468835510452924,0.07560554524326045,18.547122265282173,0.8723293855956941
111,0.08541345810366663,0.10001937133122574,0.08850677584017509,0.07042340456834215,0.09722455280114811,0.09383055045000566,0.0870590860682124,0.10332225854207037,0.09385336278669903,0.0988122829774607,0.08153489653099416,7.050957325250896,0.5504062837867173,0.07656026038968392,0.13760938593802033,0.07134262856653852,0.08108098654462212,0.10980781731657348,0.08574352638722597,0.08201658867270034,0.06934789965650631,0.1035012618692092,0.09190116933498532,0.09108847532393455,7.091000438556397,0.3807731458700485,0.0972401985062421,0.09277065954591346,0.08054954505627561,0.08586181467937877,0.05733425212336679,0.10593470834629555,0.09552131689229391,0.06007021075012938,0.09910127098373238,0.101037953129005,0.124578069987367,165.46047029945052,1.2897891224727125,0.09569457077197761,0.1299012134666954,0.12840295036461266,0.09750176985850566,0.10547302656755896,0.0344341169192512,0.06675028272961848,0.0750573802195939,0.10686020491177385,0.09035832163073264,0.06956616255967966,171.0626091922123,1.4901429072061907
112,0.07152462056550139,0.11506082737044987,0.10020871976787853,0.07258004448150131,0.08674472455201478,0.09176737200479418,0.11971399628013984,0.07274902752885933,0.0705822846974883,0.12259818595428458,0.0764701967970879,4.486476889156077,0.391489944721481,0.1355424800549524,0.05389645953159,0.06994453090600265,0.0993032479527186,0.0756163621069926,0.061654605172033965,0.10689476268365578,0.12185797622980694,0.10596573817692019,0.09154756685135688,0.07777627033396997,4.860429163730543,0.29797944332171405,0.1144579562291178,0.08670922710804263,0.13381939366171056,0.08219918999149799,0.09580835350308825,0.08370196578421162,0.050219829532101135,0.10507055481369253,0.06964353231116997,0.08168321837710618,0.09668677868826131,91.77975622736734,0.7515304690548769,0.10973838126862234,0.09141782799998403,0.10747248293874968,0.08930117371150054,0.10266408991348137,0.066839655483484,0.061598403966612404,0.10585308803072929,0.09840268166634007,0.06172895276385739,0.10498326225663879,116.43193252486684,1.1221739035300118
113,0.07984022633890311,0.14438640710699258,0.09729866106931749,0.08278995927493911,0.0920048211835729,0.06584191611327443,0.0779925708284951,0.08888742358530344,0.10048755453026732,0.08409032250982625,0.08638013745910822,60.84039064109268,0.1816537417165535,0.1255607377202085,0.0742498700917169,0.06792263072868199,0.1332793841595709,0.09302298763931201,0.10013466227914801,0.06630643600135679,0.0726162952664192,0.04265960237760021,0.11115789896148442,0.11308949477450099,65.87537829556388,0.25087248909181215,0.11065521470635632,0.12011321195248437,0.10822668569328285,0.0972776929424964,0.0666431120643245,0.10344446929883107,0.09631879378734577,0.09396629972405944,0.033520006365038824,0.07486008311505733,0.09497443035072312,117.46585134765338,0.9074544436401591,0.08237610682976547,0.07542953824746938,0.0796418104796992,0.13751217461909782,0.11464390298133426,0.036349096781827114,0.10909978248083156,0.11165763107879129,0.08336383518785923,0.08205088195145824,0.08787523936186643,125.20321106468795,1.3056119694493278
114,0.07014782255198339,0.09216760996235444,0.08309419077290921,0.12141034549369843,0.1159689254180963,0.07481058530281894,0.09594686190156963,0.08591712521253463,0.09367110085677392,0.09096727576480264,0.07589815676245854,4.5529872174889965,0.20711953978518613,0.09837860651132148,0.07532932761182116,0.10046451428562626,0.11999953157971995,0.13239935550704973,0.07503777089999993,0.06856324691593994,0.09329351432337009,0.047278104786393944,0.09393704827070291,0.09531897930805461,68.25344550172859,0.2816048623177376,0.06805363894615493,0.10381504334388707,0.10884673111648191,0.10171073424683075,0.09314791212111422,0.12656159000707365,0.06203889604585341,0.061003929660264834,0.08596707584635781,0.10695146147825263,0.08190298718772866,90.85492536757368,0.7963924987809006,0.06696403320414962,0.08832707543683861,0.08681428850878603,0.06311033100672726,0.11524791814531836,0.09493045339531618,0.08534205513300458,0.09173606835071942,0.09303771925234382,0.11642826802960164,0.09806178953719458,118.790702778479,0.6087124667476087
115,0.11859530046128959,0.10993766926622721,0.0928084048695087,0.0678008796323099,0.06814939576039492,0.09700253067908586,0.12286116257562996,0.07503155841278582,0.06738708786854204,0.0818126557564173,0.09861335471780876,5.825155299458757,0.21199438759161404,0.10552915459204647,0.11886527881949582,0.0832182970273473,0.07356087448211958,0.10820467334335675,0.10830742186535873,0.0593201144507677,0.10649081967496861,0.07873952642244235,0.10501674687934971,0.052747092442746994,11.557177725474803,0.25882099243680445,0.10499772236088967,0.08740228391853162,0.07861463400644661,0.09143015129595027,0.0925015980160957,0.06082056658977534,0.07242720582704032,0.10399664379906194,0.07387393650006273,0.11487021580879143,0.1190650418773544,118.03795346735664,0.5447795645503765,0.10903101687391625,0.14252258367208315,0.10526811189051055,0.0718401377321735,0.10443408977537649,0.09944264634435411,0.06912054870173948,0.0393819530929418,0.06829156817826504,0.08997266228974428,0.10069468144889525,125.50755553601846,0.8154440167430453
116,0.08213222542638939,0.0990693922238633,0.10364390640734573,0.07222191199279188,0.1483826029197626,0.0840308548901147,0.04405332552321998,0.08264979138448425,0.11184767302654279,0.060841225023196915,0.11112709118228847,98.49723389248015,0.29416310617667335,0.09480604125427743,0.09668998931476351,0.13532395288077873,0.1461184424887708,0.07010926031620873,0.06586310172505579,0.06826755811548739,0.06100515710429297,0.05080995443900462,0.11357536562424715,0.09743117673711295,108.66146035269401,0.25797552407787644,0.1259595310109943,0.1122191272787284,0.0677937248910505,0.08352338895106781,0.09211617756480772,0.08678072961310344,0.1035614356128081,0.07561049120339698,0.08350075090423319,0.06845798057230208,0.10047666239750751,35.42420330384379,0.7550162109400563,0.090497427980688,0.0844103772345803,0.09757318673023933,0.09534239520017544,0.07335454461514801,0.07045774173523453,0.11089293965173141,0.08301278396911543,0.11587423629417092,0.10172757090010308,0.07685679568881358,109.97989381650233,1.2378910978845035
117,0.08422528578874787,0.11714982571628955,0.10750254471151728,0.08040188628331887,0.024606340357197404,0.08591903047663473,0.14339145488680824,0.1063546715902815,0.03744010296325984,0.14501749308047718,0.06799136414546751,1.6134121201297473,0.1459914150699721,0.16023949427973477,0.08014135085679877,0.11682684997348013,0.09618518413544985,0.07129830398365194,0.0779686046342571,0.07504561821068383,0.08862586559049003,0.07936789175879196,0.08000269011442608,0.07429814646223552,2.5717775929297235,0.2309355625326244,0.12054712613528101,0.10381299749545066,0.06866011087355972,0.09153595815923073,0.059613646757880064,0.1185061174781068,0.05644155399664149,0.08569089566020106,0.06762000072580561,0.11787121361518597,0.10970037910265688,5.526822506840728,0.47398060512615786,0.08861503425663124,0.11462615100861573,0.08884665705757627,0.1030635586956659,0.08342203740673981,0.08780446240668294,0.10752600389075669,0.12288737217799857,0.04735783558582165,0.08046508813601026,0.07538579937750091,6.351389012272051,0.7369397128789433
118,0.08859473061258683,0.061323821502960084,0.1082435924324799,0.09790427198899505,0.07099880397308576,0.08393275318656417,0.057584228451231116,0.1525217537770095,0.08058143715083206,0.10129705363137902,0.09701755329287653,4.976776047383004,0.13155523134825906,0.07827607743303402,0.10835523985781097,0.08037034285690393,0.07330290500529375,0.09084935127990847,0.10046576376064098,0.04935699329078035,0.12852506747305412,0.06108660343979125,0.11629076475755085,0.11312089084523136,3.3162147970427895,0.1939505680942606,0.10599515451252108,0.07850048071147638,0.09205344694335034,0.058328029642036316,0.07444864883986134,0.11578085537763812,0.10795077759980548,0.06832399559528272,0.06305323683438703,0.11263042764135207,0.12293494630228917,127.90612394245461,0.5544855854729503,0.09444943155678938,0.14679196307519285,0.0885842565258923,0.12040754067476774,0.03017706664178253,0.09504051887388083,0.0803370382783304,0.07450094298954643,0.06631876463006343,0.11568638673841518,0.08770609001533895,147.64248883703405,0.728826094638911
119,0.11572577449450445,0.09152568115623078,0.074270970674619,0.09060712620842283,0.08378305294795714,0.07529485761010989,0.13264680754826777,0.09125690844785883,0.10431164460393884,0.07997262795163072,0.060604548356459766,68.98893536592097,0.14834244278456812,0.07612481628119028,0.11010190035938087,0.10194825459850106,0.05389749663330454,0.09584524458854392,0.08430813435994966,0.09804714586368414,0.12873511248241012,0.04735539846553277,0.08452669047314593,0.11910980589435656,36.18857324229065,0.19098731558957072,0.07599240411530767,0.10488524009881695,0.07865012193278709,0.09988867185471688,0.11754832369566846,0.13508486393232647,0.07110459823061072,0.0657181675396425,0.07842223313963073,0.1040428768925548,0.06866249856793773,14.175166548164944,0.42149768426027273,0.07299083958228765,0.08372489050182923,0.0713235942809153,0.07447553175665585,0.07080371423577729,0.09007853525439909,0.1113666878329478,0.1342645277340077,0.09159647770816771,0.0990418286635335,0.10033337244947882,35.91653534565318,0.6504902100141062
120,0.11444098977612023,0.14249030591197434,0.07932298814140153,0.08270558321313902,0.052886047597413166,0.07908736762886519,0.12388568201993717,0.07857138535028071,0.06767224198000937,0.0901789544984818,0.08875845388237745,7.551089983552532,0.1903460246306783,0.08824396230393965,0.0816433777558075,0.10577901941554406,0.11786962966374807,0.06588095328316716,0.10939167130500753,0.06880372083224838,0.09500381554828684,0.07364476912338358,0.1177419789395407,0.07599710182932662,12.035988398751734,0.23316434883000028,0.09145322977360942,0.0920822072382893,0.08849579041784165,0.05905154107936247,0.0784238789755108,0.108141364975818,0.04331917971495247,0.17138520663574197,0.07960747528098976,0.08490180016370852,0.1031383257441756,6.822628934085192,0.6761359753559457,0.04364866979200437,0.08939900987273734,0.1394503320634818,0.07221571266799985,0.07060773496685226,0.06566280981072946,0.09513409626508329,0.10274198097570308,0.11131609048915232,0.11253779497858656,0.09728576811766955,101.92121723721179,0.8505326383335509
121,0.10212390784769265,0.08695529193052183,0.10283852542723293,0.10022588962348834,0.1368507847782273,0.06028970344403225,0.07265690630738644,0.11929798562120253,0.08155999291067172,0.043076321144494285,0.09412469096504977,3.4688438804862827,0.151574899589871,0.07492943614674917,0.15370790744441118,0.10873532395897854,0.10420132356347456,0.08629962087561065,0.12021963084089098,0.0943904201864853,0.062051963786812374,0.09015949642014916,0.06381492393031545,0.041489952846122634,5.942297946509137,0.25096398442311,0.08543262169697592,0.11354691378861607,0.0956420873383342,0.15002167372745104,0.09408679886292941,0.07190289161569827,0.06662435506984618,0.0792600446861856,0.10774808993445308,0.07820446070497954,0.05753006257453075,97.88142254109589,0.6240902807298929,0.08954312152041193,0.09986362490209703,0.08724845565751167,0.06491318109975884,0.0744518010279175,0.1026888520794937,0.11621111827841668,0.0950009834464672,0.08506717250835995,0.12753711348694777,0.05747457599261771,66.90187519152663,0.8003750565090891
122,0.08648892448668771,0.050054865166344165,0.08666712109662056,0.10175673503458105,0.10727773159558791,0.08188409238263378,0.07501521700642148,0.08662578344483218,0.1253117312488384,0.12124900728978412,0.07766879124766875,19.6183574377057,0.8216002229411522,0.07963755460664908,0.057213188496531696,0.10392756804149189,0.12052009176909373,0.1039014777467477,0.09168750324265179,0.10060088680289234,0.10235373549617527,0.05557054671720218,0.10930206927611397,0.07528537780445028,8.760541417078963,0.606913566914598,0.0,0.0,0.0,0.0,0.0,0.0,0.0,0.0,0.0,0.0,0.0,0.0,0.0,0.0,0.0,0.0,0.0,0.0,0.0,0.0,0.0,0.0,0.0,0.0,0.0,0.0
123,0.07583814840736877,0.0752967784337107,0.1313006329744565,0.10018035310145039,0.08301863453401558,0.0988374875937117,0.06459610231714032,0.09485178315418656,0.09349476532749644,0.08605847158671402,0.09652684256974897,6.266450297548713,0.69926568234967,0.07911532511627467,0.1000127594709036,0.11519982014270347,0.09463469063121122,0.05911091328997966,0.10528959439694972,0.06401331919727203,0.1303013188272628,0.04148011098049358,0.09080980425312117,0.12003234369382815,8.702604364998647,0.6014557092579879,0.11325994477462503,0.10036140610653306,0.12088308478547427,0.11532757551776808,0.06218597755806617,0.08959390763727593,0.08676439774983989,0.10101908568878616,0.03686369862673015,0.08864382193887271,0.08509709961602845,139.8864799646495,1.7758211367021113,0.11103241945389929,0.06261218578495209,0.14342434078605612,0.07846077260562274,0.07218648874566157,0.12429568146009547,0.05855422475623487,0.10685421896978443,0.10030003126771114,0.08137825145358661,0.060901384716395675,98.9309842876796,1.627186163326847
124,0.09279232357082134,0.08895305796988369,0.10769192751558858,0.1109850130931862,0.068273022905141,0.10087140327940469,0.07978410501347004,0.09960686669821898,0.08121957754124363,0.07953797706163378,0.09028472535140818,60.32348295806829,0.2585043894682932,0.1100296921101574,0.06993661337175411,0.05539334666317442,0.0657847536194209,0.08007848866382349,0.08359529409348536,0.08923377722295685,0.141616251521257,0.0936865859035239,0.13312372858029406,0.07752146825015242,104.52300010710496,0.204611473143558,0.058201580303700484,0.09121501453979382,0.10591853098656678,0.09305292376399417,0.11800745524462149,0.0867374495792841,0.13111355123968607,0.070647610494694,0.09784511796657135,0.05376976257646041,0.09349100330462735,72.14853250255635,0.8193808167163871,0.09693044047584394,0.059958481753207706,0.11382958922481203,0.08581550860028075,0.06268583666683582,0.10575009615667715,0.06720568995990826,0.08371510833919887,0.15025730073587304,0.09515443083016749,0.07869751725719491,144.02891177203028,0.8957956290001173
125,0.10084965067010358,0.11529135304697274,0.05237779983177243,0.09587187681736697,0.09351080302750342,0.13780128519673485,0.0988533205414212,0.10059577669539739,0.07425107839254469,0.06064464726062557,0.06995240851955702,11.94940271350339,0.20800968638407843,0.13148801682389102,0.08603723128187973,0.07482420729810078,0.06733846044524287,0.14755150862680722,0.09494333569516324,0.08443146737432065,0.09768248681325477,0.033580700905494906,0.14324441282353592,0.038878171912308926,24.57626220344113,0.3387994058806221,0.091647941968096,0.12633296357000626,0.10462953022209857,0.0980757153716841,0.05940579426717082,0.05788070588079749,0.08505795028709269,0.11614502753892508,0.07054649064872819,0.10884422710790055,0.08143365313750034,17.480980486735447,0.5298572903652615,0.08108102267601162,0.1095743557727365,0.08036494292498236,0.0627707791235975,0.09761521757879625,0.11353126495959369,0.06942263908498288,0.08728023252733651,0.07314937112367523,0.13757075810807673,0.08763941612021074,19.617492880600995,0.9182586746816179
126,0.08154878648605726,0.09112515513488995,0.09048916362899012,0.11332812634429128,0.0755037326269025,0.07284507759452626,0.07059738103385482,0.09206150607145476,0.1223549861206628,0.07031986416467818,0.11982622079369214,2.1482778413904007,0.18278113891358425,0.14222837572987854,0.07399272213904275,0.08189927800342621,0.13255860958991275,0.04755269772536491,0.10153778473388318,0.09194938506872402,0.09388238057739963,0.048137369442987354,0.08182525099948089,0.10443614598989985,2.990193675332217,0.30022451565168556,0.08912274589093372,0.10163346788386862,0.07236273968657696,0.1033442941131985,0.12131864247380263,0.08708409894563729,0.08762011574357731,0.07118632691950165,0.059993008291782,0.09267379135926986,0.1136607686918515,18.0445029491857,0.3719743325986073,0.0750090397893042,0.08750439272653608,0.07757411791832257,0.07580631914721968,0.10527579096901278,0.07594195950325362,0.09562979257006543,0.10386429910189375,0.10189693845883037,0.09526051801325229,0.10623683180230921,59.19348865713059,0.5117032543326371
127,0.09594549457757336,0.12848836009600076,0.08150322791372132,0.09241919776924035,0.05792397329976898,0.12913553613159753,0.11270090736795778,0.06910702412937259,0.07980428467568666,0.05578488585672914,0.09718710818235153,9.226187992392257,0.13052788809902977,0.08021070425814357,0.12194747694093734,0.10850549248349467,0.0628780093272613,0.09324322044335241,0.05152931503269712,0.06312535209057307,0.10296768108699235,0.09897880591590504,0.09528660263142004,0.12132733978922304,83.95259429142148,0.16352068449646148,0.08513143737459772,0.09922948841865216,0.10134568501241542,0.13030244981294647,0.0668600769998131,0.10433847732895556,0.07866272647424563,0.055954483325885956,0.10214258116887305,0.046212126738607896,0.129820467345007,93.37314289842931,0.3992152361059225,0.07089560523308623,0.07210850403452553,0.10644289580935769,0.11698767268183408,0.09600484027058724,0.07742109166578068,0.13273591197870746,0.08646201148647836,0.056508848838850746,0.06826241065256677,0.11617020734822515,46.98101911051712,0.5149817911100248
128,0.09427406430985008,0.05659281174376821,0.10761632797580911,0.09645268587125343,0.0597091787197546,0.07469523024266267,0.10830595162887513,0.10618308315029988,0.08468079336722423,0.10385799259664114,0.10763188039386147,4.325194753953157,0.23839908226865125,0.042371696719470324,0.11960316111327447,0.08275515735942322,0.0891343082708795,0.11137735000079374,0.11148140310994191,0.08593393455930015,0.0916946788437057,0.0695853379413887,0.08063989371568382,0.11542307836613847,6.340695444214368,0.15949888518436128,0.11011637997041412,0.10029455328431632,0.10576520489247655,0.08159219564860373,0.07907806948353713,0.09596062121676685,0.07766605000910827,0.08826343950744636,0.07235901045294739,0.09107223570419941,0.0978322398301839,103.68768029763343,0.5310945790815087,0.10125915580354333,0.06631363442667887,0.09659884744774021,0.0904382206965223,0.0976019600361525,0.09810508688888393,0.06472740614690466,0.10427780243611551,0.09549996374455023,0.10555177171339113,0.07962615065951727,97.15223320170503,0.564060788700767
129,0.07670822009763588,0.07428172162196921,0.11019115973166345,0.0942065724829374,0.11171710699223163,0.09863409771717024,0.0913359971849627,0.0476436936862536,0.07706176243506427,0.132108212077176,0.08611145597293562,10.631502878019424,0.186234677310097,0.05545822270427106,0.08469692430728569,0.09574277360987066,0.11160123123981698,0.10788608443804049,0.07769629094014602,0.0881219115054388,0.09129412317675727,0.07394499360559452,0.10056349716737606,0.11299394730540248,13.624043491899656,0.21577102973613246,0.0935132803179796,0.07644692387881381,0.09634365221163695,0.0577222312296749,0.08591992567197394,0.09923069325531168,0.08036242188043731,0.12511963549664587,0.1047878667359367,0.11757075157037795,0.06298261775121128,66.30006086202715,0.4099872476892086,0.04500602385854188,0.06707212458114019,0.1118545194132221,0.0572621504515679,0.0930905612132847,0.10442503216001331,0.10519939780542593,0.08474155781899752,0.11235290222821497,0.1243428331887435,0.09465289728084808,61.371003097365154,0.5759115789725547
130,0.13795976678579944,0.1171319790727167,0.08711392671585157,0.08656762480626175,0.08479661973521863,0.08894220698523993,0.08276177074585943,0.07396120460564833,0.06552033605509158,0.09269779514404479,0.08254676934826781,5.108304174401209,0.2121038389799792,0.11677100985292678,0.06937823533150339,0.14666559310802202,0.04737608488330042,0.0768143662678865,0.11404752665805605,0.0509515928658382,0.1212606477956266,0.053791181144656884,0.113474768755635,0.08946899333654816,64.12266360546143,0.18780232746368078,0.11329006224752447,0.07016054406113005,0.0904143478372635,0.1100561096594694,0.07226808714746127,0.11740076955981521,0.029308572027910873,0.12785026150783754,0.07019923346800096,0.08454791839992633,0.11450409408366036,74.92550227060575,0.481852772551379,0.09953944149241616,0.06069596513638089,0.07515894267408078,0.06458053133030585,0.11903423038928616,0.07864228113767249,0.06582079933812096,0.09376056214753827,0.09199243691960653,0.14632483829767182,0.10444997113692008,21.39055400480206,0.5450124675909677
131,0.09049118064031474,0.10647159051717953,0.09564226882635318,0.08018424835098513,0.11708295558557406,0.0926452421251807,0.07059226824273639,0.10311069265920768,0.09391748498607626,0.06734634392898604,0.08251572413740628,67.80886241800987,0.28171992224520415,0.08404602361285378,0.06356455876586387,0.1114232438311367,0.08863734172294668,0.10151060326194689,0.08627108547910055,0.11215761362581796,0.08045683116286316,0.09459715999449492,0.08017223566337425,0.09716330287960133,64.15259641027096,0.27473770965532224,0.09840350340640214,0.08932192899267373,0.057032032098427686,0.08688391313670658,0.09986035169875983,0.08209296565292594,0.09178983674292045,0.11515997689322784,0.12340242102805142,0.09511672980315426,0.06093634054675012,113.76240515986972,0.5550288151916594,0.08687374272715226,0.09312667257250849,0.12009901812829162,0.06535752068130181,0.0796038719928703,0.12372822239405223,0.10492298447309978,0.06657578649086561,0.09045912536446717,0.0983435700652504,0.07090948511014028,127.2279019379763,0.7247755690626478
132,0.0901828115631,0.10507997224984676,0.09434357584410713,0.052592587703447206,0.06989207080605069,0.06372456662156266,0.11302902656723607,0.0982973925139089,0.11054461984194157,0.06414960402666998,0.13816377226212903,34.23940583947541,0.5522735867878965,0.08236364335228476,0.08675940783454766,0.08914100546504115,0.10122068628383522,0.05612436777995126,0.0743628320094764,0.1183171552944251,0.13884701887555653,0.05813010347266171,0.11320187912857031,0.08153190050364988,4.081400667981756,0.48445326513325293,0.05966681778700386,0.12226016539411054,0.14042885310464467,0.07504942268377256,0.10980722595429544,0.05378063282345816,0.1235664095793078,0.05726615040036163,0.07244909189869812,0.092497332193199,0.09322789818114822,167.65365388520755,1.067879448907755,0.10523019115311094,0.11269695457786837,0.07297882265120338,0.07137747711616904,0.1317954847982408,0.07447061274622852,0.07364378668562428,0.09593361763276181,0.07243198817983262,0.08981089408380748,0.09963017037515265,49.419600029343606,1.1861430610628192
133,0.05584993788661941,0.08773257435636743,0.11881962054324692,0.07696975206776462,0.11614995940069543,0.057968915337069195,0.05954230034396222,0.11891479945032009,0.08717641496295984,0.0807778595413798,0.14009786610961508,6.080386108376348,0.48651025293757016,0.07939744539455473,0.10173282434393412,0.12449695269917709,0.0752009623362584,0.06734057875638655,0.07328535517576402,0.0708939486580049,0.11113520403278777,0.07467585974335057,0.10258970619797288,0.11925116266180895,12.775651325969998,0.37435836280703433,0.11138256834887943,0.07452694023001698,0.06821053171089934,0.1023892741197339,0.09327596116200791,0.09092609258819362,0.07551111672569867,0.08414103100030151,0.07918162116716586,0.10487854717189864,0.11557631577520418,167.0513341223281,0.8972276089186059,0.0931092318916148,0.11777520605345293,0.10026384522815678,0.11145817060682162,0.10411997849776994,0.05104882196849019,0.0992951786369441,0.05621045987221957,0.07335777739145878,0.07818847863315782,0.1151728512199134,149.4898529530582,1.1716537068182056
134,0.11534758523946897,0.10034112057371251,0.10939242719989041,0.09946829255490601,0.05106472969793424,0.07703783598434283,0.10669510256922272,0.08411404501298884,0.09217809865019677,0.06151309656599718,0.10284766595133958,41.52538120496973,0.33809394137703985,0.0830991484939919,0.12798557404824734,0.05668571927124183,0.10054237969418005,0.08897102490924884,0.09164261182851875,0.10921277481886467,0.08566713884215688,0.09177368542646969,0.11048881194801786,0.05393113071906223,5.336308979222835,0.3446518121094526,0.06471951382748743,0.06926787051954729,0.09165613461234516,0.08680540364446988,0.09287623589518801,0.1151501956460506,0.09928734022119741,0.10105346462381241,0.10602351577836834,0.08088218454043414,0.09227814069109935,22.431091286351876,0.9897561552645047,0.0,0.0,0.0,0.0,0.0,0.0,0.0,0.0,0.0,0.0,0.0,0.0,0.0
135,0.07350495918125696,0.09713268633325434,0.07141883178519588,0.09222514294124591,0.0834743369292646,0.11063834685501939,0.09887710744884527,0.11520591293379258,0.08895467086912272,0.09171159079323922,0.07685641392976318,53.88908339157345,0.3350918803710446,0.1107452717752917,0.0862051270745523,0.07873855469745249,0.10107057817847737,0.05198636075336819,0.14402839937608056,0.07022463261729255,0.13986428948461274,0.05276000693046592,0.11266010828097,0.051716670831436225,109.07281084250974,0.6055201616698221,0.06637547181055382,0.08389313283923666,0.08143695544026099,0.09294294445075457,0.11257444002293737,0.10603230642964105,0.09289436332380996,0.08125803434993656,0.09737874663941724,0.0863597689199017,0.09885383577355004,121.64366035413668,0.6457973872770842,0.10498937290561002,0.09203931891611143,0.09619900517724721,0.13550588523298715,0.052099408344435605,0.09421698456356596,0.06648822738206865,0.15544053160302188,0.08373678068199397,0.04736755041719822,0.07191693477575996,130.94005375903774,1.3012496767860806
136,0.09954335752432951,0.0792818335535259,0.09796255979700723,0.07890140565196667,0.09025727769509866,0.11752235663499222,0.09533578969067678,0.07205873167881555,0.10537730231941532,0.11154970125600966,0.052209684198162576,3.088894836730559,0.19449253442623146,0.07115941940243846,0.10291808817264159,0.10444611048991821,0.12755684678462167,0.0740907006246886,0.09874150500028671,0.06371858773008676,0.06499337929948289,0.07140007735963698,0.1365073108162999,0.08446797431989832,2.0837098156265315,0.17778193848681356,0.10177502127846265,0.1094902059805068,0.10653332368994446,0.050835600185216344,0.08354934482440213,0.07482912124302735,0.08068992315311165,0.09915099857160915,0.10466125704627666,0.06716077063574453,0.1213244333916983,84.51407814060092,0.5208567648127587,0.08967109829615522,0.0929279906858292,0.08368363553823409,0.067670745380785,0.06179604646800635,0.06468284985682639,0.10614913010984213,0.13872002729094574,0.06012675853328466,0.1083153414633606,0.12625637637673065,77.62360074942332,1.25433170852228
137,0.0709944229109211,0.11059656028099758,0.0959724875764143,0.10193367709728153,0.09602638429905024,0.059666313308903283,0.08629387536019761,0.08805372158377249,0.08303565428274641,0.08225726269214788,0.12516964060756763,2.448465947121887,0.13122595637348353,0.07924653530005549,0.13529842493803365,0.10050519407272086,0.082270661092799,0.10779644738793714,0.08988811980415697,0.08689733807849999,0.09622019690337902,0.07548152753756342,0.05611375168481583,0.09028180320003848,4.4811032845699375,0.17959064808668468,0.09276776687068206,0.07556152719078364,0.09969540609427718,0.059183051839768235,0.1117440638073575,0.09022566776162556,0.09299640350625105,0.0728684693138086,0.11355127222669344,0.07613391836279752,0.11527245302595518,140.12977551854166,0.4862176703744061,0.1073041577231995,0.10243214664697757,0.09986407684782063,0.08920778542285203,0.12027358392232383,0.07272925036378408,0.0810189407286343,0.08142718988348824,0.08981833412922806,0.11190804650181836,0.04401648782987342,119.6135860229374,0.6525816556272944
138,0.11160872802346795,0.103346451633125,0.11160701873293395,0.0686008564628154,0.09147753755271955,0.059392425655046654,0.09764724166171201,0.0937510901020478,0.0920921767212779,0.09779077591225484,0.07268569754259895,2.4696870025484787,0.13946319894217998,0.10815309560663722,0.08559533032028004,0.10238590662185394,0.07396033390453477,0.048061433838536984,0.12598602703310527,0.11667322751568722,0.093830303356312,0.09085689740406318,0.08578750640330753,0.06870993799568181,52.173263367299775,0.18841566504518112,0.11176602413885767,0.07668373472981554,0.04053215815620745,0.10919450411276987,0.05123445300147953,0.1259258527784831,0.0826753821250416,0.08232237851712683,0.06547882214138406,0.12749610500366715,0.12669058529516727,66.2669164245239,0.44416680827942984,0.11313403123294319,0.16433127115779925,0.129841511856541,0.05738657383129018,0.10058555652846303,0.07822334852304277,0.051495268734219314,0.0894883302836146,0.07137382953019722,0.09326362955063784,0.05087664877125165,148.50697839460676,0.9375433647137408
139,0.08042538516617566,0.11348232926652668,0.062363721492701786,0.09600432827230516,0.08605433125916451,0.07855602988245493,0.13434352701327607,0.094267140562317,0.09965408954688211,0.08530962194514653,0.06953949559304957,23.407908933248024,0.3562620010866002,0.1329242048295011,0.07427931678958412,0.09733666111791768,0.06623995851279202,0.06473595140450869,0.08891826728465313,0.09180698792704196,0.09663705468683607,0.0890042906182383,0.10957643430998697,0.08854087251893994,63.205121006104946,0.5174013168200035,0.12043318745748384,0.049668401972007004,0.15729095674981028,0.11139048457110477,0.06932165405738643,0.09836733754640369,0.059830088328398735,0.10059425565720272,0.0850944107673204,0.08615594115694176,0.06185328173594048,124.79621224112434,0.64471446521081,0.12026635939404899,0.10586709935878628,0.0971343123255659,0.06501196208501961,0.11054606753372216,0.054152699049766335,0.08097669619080711,0.10517571960274426,0.08513613211308908,0.06960077917584305,0.1061321731706073,96.23574890296696,0.6918679870449834
140,0.06488241600099574,0.13924795736313253,0.09364102067250062,0.07006620239548013,0.0890818548881197,0.10864968755220068,0.06633635684638774,0.1068091395454304,0.11691985017177627,0.06877907128448048,0.0755864432794957,166.0891985804692,0.3929192376282927,0.1147434400406543,0.07419184029834809,0.0612348773767086,0.12725629793579388,0.06875447163201588,0.12274433446418169,0.08390757182886076,0.09259883295289699,0.03775217136842344,0.11340011693184211,0.10341604517027429,122.31416146452307,0.45911753706904196,0.12739554588277383,0.13969277160227697,0.07528413347359465,0.07175960730274636,0.06867040890116721,0.10698980799543971,0.07721457989533571,0.046442994746359496,0.07776652108868426,0.08605782096906568,0.12272580814255611,121.06659773914964,0.7605749901165021,0.12210721071637874,0.07680507707175678,0.08393087661937261,0.09155302026278034,0.06511790829470099,0.08989120778707982,0.10398309629983556,0.10753923174886389,0.042204824097543114,0.13730200887068458,0.07956553823100353,114.87955306696603,0.7549339281971562
141,0.11632129445771529,0.09022055266626554,0.07816290902918988,0.06985415189882575,0.09357211893334005,0.09352100015859326,0.07861074599318107,0.09004378479500204,0.09280275363109652,0.11727044318227882,0.07962024525451167,36.260295128678884,0.23526801938254516,0.10919731148999758,0.11179844126606296,0.06849261027892578,0.05424419010770007,0.09342253037271193,0.14163629243366146,0.08560079657841076,0.06746749101533489,0.06197382920761013,0.0915477790650479,0.11461872818453651,26.489991503360084,0.19082819139599336,0.12494501719520094,0.08977841488948245,0.10607259868753192,0.08254619839871846,0.05345238557874225,0.07594373178174842,0.11648266966831594,0.08297037347929292,0.09001197230571811,0.10002151099698886,0.07777512701825967,133.00262765064107,0.46560560705852333,0.066634460109836,0.08572623865334898,0.11084289878049798,0.06632111185981242,0.0780845937247157,0.10220639770806204,0.13230526190271696,0.09650615643548026,0.07943616806270108,0.06998859580394966,0.11194811695887881,127.22783617503721,0.9626984247081304
142,0.1207331873717322,0.14402980022136894,0.11577404261664924,0.08960344393136754,0.06013730584882219,0.07457056438716998,0.06308789867505428,0.10057584490403139,0.06805760377251686,0.08168267071688556,0.0817476375544018,3.7896443760852976,0.2517901205281419,0.07923165082249707,0.1393737673195572,0.10814118750317281,0.06763916250453232,0.0908145184317478,0.11425638401791123,0.05075410799039654,0.1345482827834558,0.042463799921023816,0.06786793648692262,0.10490920221878282,4.9401572605290225,0.2684251390436163,0.08791611704778264,0.09915647772304666,0.1193832523909009,0.09918607192364225,0.06495908494154871,0.075124037984993,0.11572871277628505,0.07845035440221754,0.09986495958963526,0.08487337018074347,0.07535756103920457,72.81222228620197,0.5775068533970823,0.06050192973132729,0.14524716254373637,0.07113804179700993,0.08948289603644298,0.10496629506668868,0.07720889415676281,0.08930012544198744,0.08597812561539808,0.09653555037750218,0.07555314868673269,0.10408783054641146,88.04066953135161,0.8305892971317812
143,0.0653232084232488,0.10251717647601821,0.13159249466127895,0.07325182627226628,0.08745038705827894,0.10263666022741069,0.1121694961078716,0.06571404429936911,0.11845999591810996,0.06290210745404688,0.07798260310210055,8.873691003712887,0.0890791942639456,0.07121700686212058,0.13079364514347466,0.11158430937274344,0.07322996872800479,0.12905725757593214,0.1252331060151858,0.09101824925652956,0.05863479491124607,0.020033098384662763,0.09583342099012754,0.0933651427599727,6.344342139492416,0.10476407433755662,0.13874201258546873,0.0802973715569207,0.0574271899530349,0.10579795745528979,0.09907113378781161,0.12962422768480358,0.07492327095757235,0.04289757069383554,0.12295559579337345,0.05736615017703453,0.09089751935485484,117.12474623759145,0.503028897244975,0.14749187429976576,0.05594932333612044,0.10376654712762652,0.0983975173285621,0.10804231293154436,0.07608802458335963,0.07844783776028458,0.09273978314484106,0.07060190534728704,0.09225261996606078,0.07622225417454777,137.49491038469122,0.8013383947635803
144,0.09451992755226152,0.09063197732353227,0.09447656372676862,0.07279647778181898,0.10413257153475665,0.08636547182614757,0.12130092483481171,0.07353021152440466,0.06259020170937941,0.11288204063533945,0.08677363155077916,4.416751190409498,0.22381261627115542,0.08472228347757,0.11337420534230776,0.08288013183465319,0.06542397047756986,0.06974346924565733,0.11486261130322083,0.07869030325595454,0.07641678740116851,0.08179868143900983,0.09125171963100064,0.14083583659188736,3.7805710661572465,0.186786518402594,0.07101795138092577,0.07740175254042535,0.0657967847158742,0.07590669650386762,0.12012937471224024,0.110287475029469,0.10017537171800306,0.08447856678410585,0.1103451396151753,0.12153881596933021,0.0629220710305834,138.2266620711786,0.3409076332265648,0.06633237659829115,0.09224716363505987,0.0940491122063779,0.044518787226589675,0.052487171823606404,0.13668511482838305,0.11064658012926314,0.1357338545099103,0.13629208371647436,0.0529123990368614,0.07809535628918286,80.34066065509388,0.5142931025306233
145,0.09288499744622057,0.1107787867414427,0.10087427967643302,0.10234026822525627,0.061954262986577115,0.08124269424871634,0.09462777382720859,0.09853427190545033,0.08864078538794944,0.08657716395549948,0.08154471559924609,62.870393599549146,0.269309516393063,0.06902077221956802,0.07694898274983573,0.1493555339796421,0.09769581693052741,0.0696443156237171,0.08309730198433025,0.056881162673222206,0.0862200828170891,0.08487455102328179,0.0859735954263658,0.14028788457242047,163.36239822375865,0.33733823988593015,0.08522266855112533,0.09658560679786476,0.06703863967595829,0.08909084921718226,0.09883628408567117,0.07650703135296257,0.05646035849449246,0.10129372472637975,0.12364504589590945,0.1021430193067005,0.10317677189575353,156.7135797467456,1.0270829808208364,0.12938822460091734,0.08338759233056764,0.12082030543257145,0.06929343459505775,0.0666298305108241,0.05591690654769036,0.0968132060475173,0.11217496029302741,0.08325495503311625,0.07434123297900143,0.10797935162970886,159.97112854898515,1.2610945153911004
146,0.04135652621363898,0.10070995365882011,0.1215994119683177,0.12045803601381244,0.07627652364053898,0.07383769949436914,0.12276069626857317,0.09220814914945358,0.07893388449904194,0.09875460029555899,0.0731045187978749,10.973594340008445,0.35287050265559045,0.14058660019138774,0.12747756661809628,0.10693230607729183,0.06411654044693597,0.08156937234917373,0.03921243389038265,0.06735331638395578,0.10977973672159354,0.09380523139083942,0.09276956955362649,0.07639732637671655,68.0615884235355,0.5314552606134121,0.10278511595328114,0.0956094920780693,0.11866487353086026,0.056182925454922095,0.10399606338690322,0.1181431557859877,0.09726632489260867,0.08744047911840779,0.07638313746785971,0.08071305878749314,0.06281537354360693,163.58417667778758,1.0582732565513353,0.14558868243863232,0.0548147288639036,0.09134346929024312,0.09130115353456332,0.04525747155731086,0.08133464066553435,0.08418052507484779,0.09265923513191714,0.12965732425451984,0.09471133585159598,0.08915143333693172,143.80316222782253,1.3264627299700378
147,0.08118672485321689,0.08917359571171357,0.11093269808539215,0.09359921722321785,0.056163514927661216,0.13429240283405758,0.06703156701257167,0.10639776211828848,0.06960619608889815,0.12841914007088176,0.06319718107410081,19.58552439597759,0.2891396270458701,0.10034454475262222,0.1006972789665848,0.08616481892255258,0.07680708177631478,0.04562669281165364,0.08331338101004503,0.07810015944674838,0.14392577762292127,0.08584488638956517,0.10619706486400005,0.09297831343699209,74.13340148161224,0.19178506611387067,0.10112276920444874,0.028549294506678074,0.06119075268033247,0.12350754907389701,0.10584689235534177,0.0836429950882888,0.10486371991607979,0.05679308839299282,0.1352642186457469,0.10893949524055678,0.09027922489563688,49.65741762042145,0.37984692070950987,0.054486626756829935,0.0794682109924992,0.14338363075661184,0.10207111174247592,0.10864711064391115,0.1027037412841557,0.06719369746764119,0.09380669790576518,0.057631241023263245,0.0899394694874159,0.1006684619394307,53.48248142075773,0.5669801567847537
148,0.11047138101498151,0.1267891250226191,0.07212143914783191,0.10272706870147114,0.0914070786683292,0.07379960061212346,0.06065323508406175,0.09080697673782484,0.13411191438457817,0.07819626501939243,0.05891591560678655,4.502360916262661,0.22761558414418048,0.08572883511577874,0.08624167145512757,0.08653364884360137,0.0738512406636041,0.07454518970096467,0.12867322679839413,0.12694158644024325,0.05735599774460518,0.089469929802371,0.05571433034631923,0.13494434308899064,1.9467011702939914,0.2573196258617047,0.11711678357620608,0.09862088903376033,0.10173892328598372,0.0723928381459502,0.10899082370406171,0.055723418924409934,0.12380210966034662,0.08092533892942949,0.06802131807433104,0.0750496591578176,0.09761789750770326,126.72726636343891,0.8625324466308283,0.08217786284255293,0.10490305494677961,0.10314124006693816,0.06888977384838814,0.05345158077805915,0.05632238588798145,0.11296862981707463,0.08917848265872497,0.0922328661455835,0.09817700376335896,0.1385571192445585,160.61497892119363,0.9746696337138813
149,0.11757415541774041,0.11189026835446221,0.08262090265208816,0.1053788302458905,0.06477212670888181,0.10069919335263794,0.1018711573073719,0.059084454854760944,0.05052624208686172,0.10587049895604676,0.09971217006325765,2.48447671918415,0.2626662012446109,0.09773092888241248,0.09183564034859282,0.09087163839016643,0.08685802044879933,0.05693684702128434,0.0884087457997305,0.08488700625889346,0.11959350843450418,0.04918135808501575,0.07147763910837124,0.16221866722222958,1.2848401457546537,0.2650135882015408,0.08045664478681565,0.11638728067158188,0.06054361864162542,0.0728077297251516,0.06969959556980831,0.10343139465382988,0.10264871439457494,0.11974640594678121,0.08592693340963081,0.11342256585052364,0.07492911634967665,116.04940027647132,0.6854823995815851,0.08606515640135304,0.04903559165342231,0.15412401908556725,0.1017823433447113,0.08319840736925076,0.08920491179341444,0.06391432517281669,0.15080659971569352,0.03402960471447256,0.06408592400958342,0.12375311673971473,166.33092636890458,0.8990785792853152
150,0.13696817135600334,0.05896584356786652,0.1286892848170936,0.06044621450480784,0.08093407741642193,0.08330955918921723,0.0591225553182117,0.11870700057915241,0.08898170868101259,0.10767125869378608,0.07620432587642677,51.69184992555008,0.18019279942134503,0.10602856218309085,0.06897085308775246,0.08985387005931013,0.05425111894197953,0.06864675288873265,0.11533046217438409,0.08238938305006642,0.09471752525860073,0.11694119209754376,0.11855741675371952,0.08431286350481991,64.16869896328855,0.3526640165887001,0.09233673927968261,0.07902240317542743,0.10544212821880627,0.0733409446673977,0.123082655892662,0.07019073080199545,0.13617354629798886,0.06178299897795972,0.040822532059215676,0.09589385900850671,0.1219114616203576,19.815239720762467,0.9331875317552253,0.06690760184932276,0.08830901286191785,0.11253844426547553,0.11089707694909856,0.1057165857766953,0.07704377530942345,0.08860190578318516,0.07630734793924356,0.08325689431054635,0.11302634511497749,0.07739500984011395,47.185008761272144,1.127538696994039
151,0.1322394145156999,0.05275392869773107,0.14084734169351262,0.07759791522951925,0.048342249885050786,0.1470026102505554,0.06416695329600945,0.09684311451438755,0.054326089320344516,0.09460366695139387,0.09127671564579569,133.87919961082966,0.2335575091424333,0.10299432454696272,0.10786207218817884,0.0406225333648667,0.06458756267080569,0.09471877159191888,0.06506517889203903,0.12752144940889398,0.10229198136462163,0.11687681513602866,0.09694868956036962,0.08051062127531423,68.06206398316898,0.28715948151010506,0.09555919115036739,0.06547088744208533,0.10546783492941379,0.08551352546900444,0.09368548435656748,0.11021813288775828,0.07442566404755845,0.08968289680682577,0.1307336795858037,0.07284578335729765,0.07639691996731768,37.02913874263286,0.6686175127192385,0.07950965459452013,0.10018758783365733,0.07485300717195414,0.12644904253208525,0.07617681453032131,0.077137227571201,0.08683500046336108,0.1192354459703231,0.0576011979650892,0.13008323471182714,0.07193178665566033,143.29346173354995,0.8890232984899575
152,0.12780297283435985,0.08910384349152063,0.1116643875454544,0.07033134726739405,0.08046568395190133,0.07447726482840931,0.1043848776178931,0.07898357650796771,0.10181492030378174,0.0910012450947444,0.06996988055657354,4.836270515380796,0.3404617985203178,0.1411627548965256,0.12830546919141458,0.07925713006571533,0.051280373290751496,0.09315982398945943,0.0647248947472389,0.07778527552779721,0.09386559966186363,0.08492979747856307,0.083080319360983,0.10244856178968777,8.895302524392795,0.3128048267560863,0.09075560862806024,0.1369189139594076,0.06271098063099778,0.08931926773675404,0.10284082120503757,0.12421802749939816,0.04703248595451834,0.09722796378195202,0.07615049365052037,0.0856554792916136,0.0871699576617402,129.97746104504654,0.622966516444874,0.08217973529871868,0.11066470212587994,0.11209858253314486,0.07741653089493035,0.07573784186550529,0.07836060868929862,0.09094414191515504,0.09029693898976869,0.09319036508956553,0.12163627066750549,0.06747428193052751,164.0666541531181,0.861189132766091
153,0.06802207504616703,0.060383756771665,0.10343757065911918,0.09427097920774645,0.08427267485974539,0.10965695763536905,0.09796830968809256,0.09698551558451778,0.09807516265920317,0.10878765083581032,0.07813934705256405,3.907322930871592,0.12232357248874236,0.09298757590124902,0.13662392137123824,0.044477905877992836,0.12690609884200907,0.07181576041803944,0.06245137688338395,0.09128152017403952,0.09119902746985353,0.07420866094447655,0.10771458211985115,0.10033356999786665,11.4037178042174,0.13780548340907106,0.11994692354846025,0.08242326958115337,0.05555972477981313,0.08566602120515614,0.06847843035512831,0.12553916339910356,0.08048258747064872,0.08112393453335559,0.0824786597503329,0.1191718812402897,0.09912940413655837,124.67462125176316,0.9146104018313487,0.11776330240933551,0.12353281529481826,0.06362966923050263,0.08342736446374162,0.061317051241271014,0.11170387857887126,0.1139965502794264,0.11155599068665745,0.09459707527770832,0.08089033803410049,0.0375859645035671,85.62182074572473,0.7659401245713332
154,0.07813811275612098,0.08982559834196406,0.08413697595408808,0.04942801813021678,0.07962336642213096,0.09926175792027546,0.10953046760204653,0.16951017123137999,0.045089071122380586,0.12552288234261702,0.0699335781767796,17.789201781514077,0.24209500169515308,0.04515576264587915,0.09097429055846284,0.08379912100832493,0.09290502951358931,0.06522280450025851,0.0812482453214059,0.09308716144197764,0.1311506827072605,0.07597329413865896,0.10725306015434821,0.13323054800983394,38.57383598125859,0.32604227053348733,0.12718676240219842,0.1028671624602338,0.0770880223382588,0.11090393491940882,0.06784459074311318,0.07376304627911294,0.08849889161686626,0.09621663275801755,0.08528973752484298,0.06497018267547199,0.10537103628247535,109.37173465689621,1.2463307902600784,0.0671842453094688,0.08569739086712262,0.10295742045304997,0.11877832088968333,0.05328249234975754,0.09472795085706175,0.1230146752843454,0.08074561021826149,0.1445398261727891,0.0847948354978289,0.044277232100631114,160.69498931268484,1.6226818478167555
155,0.0576541448380045,0.11632624882441715,0.12977562713807203,0.12645775596150335,0.0741547323238685,0.09839622460124692,0.06945455198983157,0.07100459644713912,0.07842715035186984,0.08259724633036175,0.09575172119368525,110.83023193318375,0.18213336811478334,0.10123676127248565,0.07278670858760287,0.1034638880772508,0.07668062459306928,0.14886125851431806,0.08052833881621183,0.08421046213031326,0.13202338960052126,0.06602031177360326,0.09036441370491564,0.04382384292970811,3.1780359301852994,0.14499670713788818,0.10552898298832736,0.09688725502885354,0.11516124621264917,0.08755754645839564,0.08356415978241027,0.0715294358855462,0.09350475413010967,0.10639507038424538,0.06264869762886448,0.06595402834165338,0.11126882315894493,97.16742752840192,0.741459725612709,0.09083453394566192,0.09369136281105761,0.07667277109525412,0.10573132821313443,0.1096981344584012,0.09514341326871727,0.04912985702694445,0.10389878768737926,0.09069932846281355,0.11467071852995474,0.06982976450068136,164.84126748105655,0.8299471444488136
156,0.11336533547614884,0.06343365156900706,0.06295897717343145,0.10924642783069909,0.07769711952125093,0.08525189309361565,0.08706683524141678,0.12298027000851197,0.07291870119453749,0.10511458233208487,0.09996620655929594,5.778438797774442,0.3161619972108267,0.08658742995132303,0.1097135021002245,0.10774369108771753,0.09178184639375098,0.0780310845432018,0.08242477850374816,0.11704104492384049,0.10145047280934942,0.06385591178798179,0.09825467021675971,0.06311556768210257,2.253036068436268,0.14335614105294214,0.0785904853917954,0.07757073416258968,0.088626971785473,0.10801552770774958,0.1394822074522306,0.07897753575332016,0.0892352520494172,0.0774220932293092,0.12183827624274703,0.07251008481768968,0.06773083140767844,25.724257480653346,0.6284849790012754,0.08328882306927067,0.12272776331058298,0.0958455971922252,0.09813852987640015,0.14942064191973378,0.059811799959957536,0.08814891173596122,0.0931969615448371,0.06789290816349625,0.06149898400284882,0.08002907922468637,29.943579852979823,0.6687269469105809
157,0.12591513733393297,0.10981214705373511,0.08595493697148666,0.028612801819940494,0.11162988738116657,0.10296318686261842,0.08300049012646746,0.10628034111394297,0.08352077128510078,0.07066536027603545,0.09164493977557309,23.923681525955022,0.15441955020183626,0.05532990032825622,0.14429848224367356,0.08776042080986539,0.07174039657191261,0.11787880980755706,0.0814766565656286,0.0879904723433204,0.08680062675537359,0.07899504175462503,0.08210317353107706,0.10562601928871045,62.00785553490383,0.20881586542773012,0.07425930804971435,0.11363845025768972,0.09719306265046669,0.052096825380266366,0.06964610717634774,0.11574420163820105,0.10083867682040226,0.0876793603845743,0.10810717954950633,0.09352779361432927,0.08726903447850189,51.62722388854155,0.9087195588579853,0.04935674162832084,0.10934656410047111,0.13451601388060294,0.07027253716045555,0.10060181085090557,0.07212329016261379,0.07806657414955791,0.07195592883246553,0.10611475595510307,0.12987381983613058,0.07777196344337324,69.73428928891799,1.1883273925734874
158,0.0678521839537654,0.09267976792459202,0.10034467142119291,0.11398495735109376,0.10931038680418902,0.09092218914633136,0.10826112852785447,0.07588526486604837,0.053421786449521454,0.10536106133968552,0.08197660221572575,84.53914652077279,0.437836361748635,0.07070659539338164,0.08280428229836706,0.07823762209694325,0.11540918582436588,0.09774561065284719,0.10062591926515792,0.07821183957473438,0.07635779075014927,0.08900885494330646,0.09991834660705808,0.11097395259368902,95.43586539997717,0.5802897331698743,0.06878377565771691,0.09773892165004879,0.0944342326264946,0.12172105136811225,0.11516968057127912,0.10408963210309075,0.08881694470946655,0.09902623455981081,0.07457526940792424,0.0893819690830087,0.046262288263047215,43.912897255366346,0.9673264019300433,0.04898299857255652,0.08442879162132601,0.08506954171999033,0.10204964727411563,0.07862129091905067,0.09739811257410663,0.10759948776336699,0.07600337864371853,0.10283185450645478,0.13634588589077531,0.08066901051453855,131.6897813856779,1.00230077522293
159,0.06093452235792527,0.1233831132280112,0.09515801556569753,0.11359545987458364,0.10986056304492477,0.07905240503279833,0.09512723961607454,0.08850924132619643,0.08599283531376789,0.07211664146319867,0.07626996317682173,2.6778286589920235,0.1427137096095944,0.08745432314767089,0.10226989782778362,0.09977472709962376,0.1044806736581606,0.07577357195278235,0.11122137812342248,0.06794284857325396,0.07775376249923392,0.0711261769925298,0.08331097484095355,0.11889166528458517,17.081832260002873,0.14660963771617064,0.11073184393398328,0.02574147158343615,0.1141787507607107,0.14009447885598994,0.1148454366746502,0.054955617639853294,0.07770645745679727,0.13859813548777916,0.06529378333337767,0.08746066032851235,0.07039336394490993,176.38833546698126,0.4594994196856123,0.07459109295383289,0.09466629000082745,0.10964520705195224,0.09349784921026921,0.1228642972256202,0.09027821911771716,0.05884652674394832,0.06898619039221988,0.05681134499364282,0.10000255065107111,0.1298104316588987,88.15253064435562,0.42651436335915366
160,0.11069846688688989,0.10184115744939126,0.06520815980239168,0.07475740488262791,0.13500023176959922,0.0972439559867005,0.07624956471190115,0.1317009415165009,0.06413628007334622,0.06601940124002834,0.07714443568062293,10.860705738129575,0.21410088247143624,0.11435113287465877,0.10171055477709727,0.08405940115514549,0.05033119180287115,0.05951136085181935,0.06450027292570655,0.1289891598014292,0.11341148462971679,0.07166895820266204,0.12815222615641927,0.08331425682247415,13.903333423990887,0.15458554239322103,0.06852512703669082,0.1529672590505991,0.07562652926083667,0.09930509947271664,0.07390469307333933,0.0754124269889113,0.1040151638454944,0.12561446180073121,0.08642085993362443,0.09106802330688847,0.04714035623016768,7.80241259550327,0.4297434771397441,0.10973993546595728,0.07770960272837348,0.09573755297641456,0.06635133203076897,0.0725745860442318,0.08781509634357698,0.14443058581395363,0.08086847612954008,0.06444139880298476,0.11043171746083691,0.08989971620336157,70.29705661991528,0.479486006457218
161,0.0848660757597565,0.096879903286896,0.13173124189090515,0.09311170128396729,0.11054819721951414,0.11201447143840186,0.08268952493916408,0.09423575597340683,0.06647818159921409,0.049067957458329294,0.07837698915044476,9.530498249721953,0.18194881897882573,0.09636757937518255,0.10836555196758839,0.09664659765940072,0.06100660346864525,0.13769538500077608,0.08532188445720508,0.08830387738214952,0.06139752983623475,0.0833822353630006,0.09684017785547618,0.08467257763434084,12.246570637575084,0.28141650487674447,0.05660350439389434,0.07512266805544604,0.08550358793665482,0.07313764594865359,0.10402758792343407,0.10078580844431224,0.0870904189569112,0.11361369850920781,0.09236553951030195,0.08497913154971005,0.1267704087714739,100.69152492404709,0.5227363707850247,0.12437273446684367,0.07759025092015305,0.11388569025138696,0.06552578505999156,0.06303995135740716,0.07048835534853441,0.14806349200943672,0.06502601538023958,0.07961743061567596,0.11319909554797843,0.0791911990423524,77.01321913784658,0.7455470039159088
162,0.1086868138244343,0.04510361464855434,0.1031674996108548,0.11165097952145848,0.06034145674781132,0.10672196035300656,0.06769757546363488,0.11754488978350024,0.08486901765936801,0.10700829999750357,0.08720789238987357,8.137384285477433,0.16402578349059785,0.080143466549445,0.13773008203698742,0.11584983158616997,0.09986263059155916,0.06462977690825558,0.07568995706421096,0.0698953931845588,0.09163803226875085,0.056255267437789226,0.10622892461812942,0.1020766377541436,11.14042583071956,0.17936774377615936,0.06358047909821463,0.13396004544564324,0.11105957801559564,0.07860364094026435,0.09914460103363282,0.0919054456823616,0.046877931527988435,0.10532898015425646,0.09925748505534963,0.07237987222890736,0.09790194081778576,135.7949364249578,0.478258093111392,0.09001509823634768,0.12317007422281312,0.1048352104240261,0.061260161418390524,0.05064096612230936,0.061269248854245666,0.10186051422053823,0.10055721690772022,0.10478069101256211,0.10264648312155487,0.0989643354594922,142.04774291886363,0.5811752039841892
163,0.14768688559404472,0.08764720623250706,0.059721125939692005,0.14359701408638642,0.06783964097665308,0.08078878761718285,0.07159029993639847,0.07371438203975195,0.08012328014967401,0.07829155409947518,0.10899982332823425,120.90788829575405,0.2611234665217886,0.15242988256417256,0.09722020557531331,0.05396633617887673,0.07975383462657916,0.0912184877191855,0.0796542164619906,0.09011171702711675,0.08954406399617217,0.09569360428967572,0.07075475451394307,0.09965289704697443,70.4369539843501,0.20167054307862328,0.12841949120899568,0.07838233879038072,0.09794261977382657,0.09323877277844099,0.06384844399144494,0.05922954538864772,0.10277953936736883,0.07078689133374187,0.10588099156377684,0.08539931115203642,0.11409205465133958,67.56164112438108,0.604384311958332,0.10667490011913593,0.10693499152614366,0.09590945579958156,0.07521452505698785,0.061272771709924186,0.13829348658480858,0.11652115006703068,0.08697760974480889,0.07002150955898138,0.07125464740902059,0.07092495242357662,111.65696024732169,0.9863682707502814
